idioms,literal_meaning
ያገር ሸክም,ያገር እዳ
ነጭ እሾህ,መርዘኛ
ስርቅ ያለ,ድብቅ ያለ
ራሰ ክፍት,ብልህ
ትኩስ ሀይል,ወጣት ትውልድ
ፍቅሩ ቀዘቀዘ,በረደ
የተተወ,ትራፊ የተናቀ
ቅልል ያለ,ደስ የሚል ቀን
አሰልጥ ሌባ,የቤት ሌባ
አራራቂ,አለያይ
ቤቱ ፈረሰ,ከሚስቱ ጋር ተለያየ
የሀገር ምሰሶ,ለሀገር ለወገን አሳቢ መሪ
ልቡ ቆረጠ,ወሰነ
መና ቀረ,አጣ
አንገቱን መዘዘ,ወሬ ፈለገ አፉን አሞጠሞጠ 
ልቡ ታወከ,ቅሬታ አደረበት ተሸበረ
የንጨት ሽበት,የሽማግሌ ትንሽ
መከራውን በላ,ተሰቃዬ ተጎሳቆለ
ስማ በለው,አዋጅ
ሀሞታም,ጎበዝ
ቃር አያውቅሽ,ታሞ የማያውቅ
ሀብተ ቢስ,እድሉ የድካም ብቻ የሚሆንበት
የእረኛ ቃል,ያልተቀጣ ሰው ንግግር
ቤት ሰረሰረ,ለመስረቅ ቤት ሸነቆረ
ቢረግጥ ይገል,ደንደሳም
መሬት ይቅለለው,መቃብሩ ይስማማው
አንደበቱ የተለቀመ,ሲናገር ጠንቃቃ
መቼ አጣሁት,እኔ አውቀዋለሁ
ማብቂያው ሆነ,መጨረሻው ሆነ
ትርፍ ቃል,የማያስፈልግ ንግግር
መቀነቷ ተፈቷል,ወንድ ደፍሯታል
ልቃቂት ለቀቀ,ልቃቂት አወጣ
ቡራ ከረዩ አለ,ፎከረ
ተቆለለበት,ወጣበት
ስለቱ በረደ,መቁረጥ አይችልም
ልቡ ራሰ,የፈለገው ሆነለት
መስቀለኛ መንገድ,ተቋራጭ መንገድ
ልብ አድርግልኝ,እማኜ ምስክሬ ነህ
ቷቷ አለ,ቶሎ ፈሰሰ
ሆደ ሰፊ,ታጋሽ
አነጋገሩ ቀለለ,ውሸት ሆነ
ሀብተ ስጋ,ሀላፊ ደስታ
ቀለባት,ወዲያው ወሰዳት
ስድብ ቀመሰ,ቁጣ ደረሰበት
በጎ በጎ,ጥሩ ጥሩ
ሎጥ ሎጥ አለ,አውደለደለ
ሰልፍ አበላሽ,አይገቡ የሚገባ
ጉዳዩ መክኖ ቀረ,ሳይሳካ ቀረ
ምስጋና ቢስ,ነጥቆ በረር
የሞተ እንጀራ,በሞሰብ ያለ
ሮሮ አይመረው,ጥቃት አይከብደው
አሳበ ሩቅ,የመጠቀ
ቅላጥቤ,አለሁ አለሁ ባይ
ቀብሮ አቆየ,በስራ እንዳናድግ አደረገ
ሰውነቱ ባዘተ,ደቀቀ
ቀዝቃዛ ጦርነት,የፖለቲካ ጦርነት
ላይ በሌ,ትውክታ
እንባ አድርቅ,አለቃቀሱ ደስ የማይል
ስር ተቆጣ,አበጠ
ስርራ ፈታ,ቦዘነ
የሰደድ እሳት,ድንገት የተነሳ የጫካ እሳት
በራብ አለንጋ ተገረፈ,ይልሰው ይቀምሰው አጣ
ሀይ በል አለ,ጀመረ
ሲሆን,ከተቻለ
አራሳት,አራጠባት
በትከሻዬ,በኔ ላይ
ይቅርታ ጠየቀ,ተማፀነ
በትምህርት በሰለ,ብዙ ተማረ
ሰንኮፉ አልወጣም,ቂሙ አልበረደም
ሸርሞ ለሸርሞ,ጎን ለጎን
እድሜው ሞላ,ጎለመሰ አካለ መጠን ደርሰ
የልብስ ቅድ,የልብስ አሰፋፍ አይነት
ሰውነቱ ተለወጠ,ፊቱን አጠቆረ
አውሬ ቀሰቀሰ,አስደነበረ
ችሎት ተመለሰ,ፍርድ ቤት ተነሳ
እጁን አቆመ,መስጠት ተወ
ባልኮል ተቃጠለ,መጠጥ ሰውነቱን ጎዳው
ዝም አሰኘ,መናገር ከለከለ
ቋሚ ነገር,ቋሚ ስራ
ሀብተ ስንኩል,ኑሮ ያልተሳካለት
እንግዳውን ሸኘ,አስተናግዶ ደግሶ
ሌላ ሌላ አለ,ጣእሙ ለወጠ
የለበጣ አነጋገር,የሽንገላ ንግግር
እሳቱ ሞተ,ጠፋ
አጥሩ አረገዘ,አጥሩ ሊፈርስ ደረሰ
ባይኔ በብረቱ,በእርግጥ
ከንፈሯን መገመገው,አጥብቆ ሳመው
ሰውነቱ ተረታ,ደከመ
ቂጡን ጣለ,ተራቆተ
ቆለለበት,በሱ ሰበብ አደረገ
ታች በሌ,ተቅማጥ
የመጣው ቢመጣ,የሆነው ቢሆን
ቤት አሳየ,መልስ ጠራ
ያልሁት አልሆነም,አልተፈፀመም
የሰማይ ቤት,መንግስተ ሰማያት
ቂጣ,አእምሮው ያልተገራ
ንቅናቄ,የለውጥ አድማ
የሴት ምራቋ ደንዳና ነው,ብዙም አትበላም
ምን አባቱ,ወራዳ
ቅርሻ ቅርሻ አለ,ደነፋ
ስር ያዘ,ተጠናከረ
ለምኔ,ምን ይሰራልኛል
ማህተመ ድንግልና,ክብርና
ቁርጬ ደሀ,መናጢ ደሀ
ቂጣ ቆረጥ,ወደል
አመሉ አልሰከነም,ቆጣ ቆጣ ማለቱን አልተወም
ተፋበት,አዋረደው
ቀትረ ቀላል,ከውካዋ
ብር ሸሸ,ቀትረ ቀላል
ተነቅሶ ተያዘ,ተለይቶ ተያዘ
ምች መታው,ትኩሳት ያዘው
ልብ አጠፋ,ቀልበ ቢስ አደረገ
ልበ ባህር,ታጋሽ
በገና ምት,በገና ድርደራ
ስበትን ረገጠ,ተጫነ አሰረ
ቁርበት መጣል,መኝታ ማሰናዳት
ከተማ ቆረቆረ,ከተማ መሰረተ
ጥጋቡ በረደ,ሰከነ
ብቅል አውራጅ,ረጅም ሰው
አስመሰከረ,የደረሰበት ደረጃ እንዲታወቅለት አደረገ
ቦጨቀ,አማ
ቸንቧ ቸንቧ አለ,እዩኝ እዩኝ አለ
ቀነደበ,መታ
መኪናውን ቆሰቆሰ,መኪናውን አስነሳ
የጉድፍ ልቅ,ሞኝ ሰው
የልብ ልብ በቃው,ደፋር ሆነ ኮራ
ብልት ነቀለ,አወራረደ
አእምሮው ላሽቋል,አስተካክሎ ማሰብ አቅቶታል
ስንዝር ሲሰጡት ጋራ,ትንሽ ሲሰጡት ተጨማሪ የሚጠይቅ
ጎህ ቀደደ,ፀሀይ ወጣ
ቀን አይቶ,ጊዜ ለይቶ
በሽታው ወጣለት,በሽታው ለቀቀው
ቀበ ቢስ,ለዛቢስ
ካብተ ነቢ,ጥሩ ደሀ ምናምን የሌለው ሰው
መንገዱ ቀና,ጉዳዩ ተሳካ
በጥርስ ሸኘው,በሳቅ በፈገግታ
ቤተኛ,የቅርብ ወዳጅ
ቆመብኝ,ጠበቃ ሆነብኝ
የኋላ ኋላ,ቆይቶ ቆይቶ
ባልተቤት,ሚስት
ቀንዳም,ተንኮለኛ
አብሮ ሳቀ,አብሮ አሾፈ
ተበሳበሰ,ተሞላቀቀ
አውድማን ረገጠ,ደበደበ አስተካከለ
ትኩስ ነው,ቁጡ ነው
ሴት አስረካሽ,ጋለሞታ
ራስ በራስ,ላይ በላይ
ሰረገላ ገባ,ሰረገ ሰጠመ 
ሌባ ጣት,ከአውራ ጣት ቀጥሎ ያለ አመልካች ጣት
ልጓም በሊታ,የበለጠ ተናዳጅ
እጁን ሰጠ,ተያዘ ለሌባ
ቆርጦ ሄደ,ፊቱን ሳይመልስ
እኔ ራሴ,እኔው
የሞት ሞት,የመጨረሻው ውድቀት
ነገር ሰረሰረ,ነገር ጎለጎለ
ነገር የበላ,የነገር ስልት አዋቂ
ቅርጥፍ አርጎ በላ,ጭርስ አድርጎ
ምስጢር አወጣ,ሚስጥር ተናገረ
ባዶ ቤት,ምግብ የሌለበት
ጠመንጃውን አቃመ,አጎረሰ በብዛት
የእንግዳ ቁርበት,ሴተኛ አዳሪ
ለብታ,ትንሽ ስካር
ጠምንጃው ተራገጠ,ወደኋላ ገፋው
በጎደለ ሞላ,አስተካከለ
ጉዳይ ቆረጠ,ጉዳይ ወሰነ
ነገር ውስጥ ማገደው,ሳይፈልግ ነገር ውስጥ ጨመረው
ሰይጣን አትሁንብኝ,ክፉ ስራ እንድሰራ አታድርገኝ
ነገሩን ረገጠ,ታገሰ
የቤት እምቤት,ሚስት
ቋንቋ ለቋንቋ,ሀሳብ ለሀሳብ
በቃል ነገረው,በአፍ በፅሁፍ ሳይሆን
እንባ እንባ አለው,ማልቀስ ፈለገ
ሰንጣቃ እንጨት,ጭንቅ
ሰይጣኔ መጣ,እልኬ መጣ
ኋሊት,እጅን ማሰር
ቅሌን ጨርቄን አለ,ሰበብ አበዛ
ልቅ ወጣች,ባዶ እጅ ቀረች
ራሱን ጣለ,አልባሌ ሆነ
ከነ እርሙ በላ,መርዶ ባለመስማት ለዘመዱ ሳያለቅስ ቀረ
ቁም አፍ,ነገረኛ
የሰው እንኩቶ,እርባን የሌለው
መከዳ አቃፊ,እልፍኝ ታዛዥ
ምርጊት ፊት,ፊቱ የማያምር ልድፍ አይነት ፊት
ጡት ተጣባ,አለቅጥ ተወዳጀ
ከልቡ ተነጋረ,እውንቴን
መላ መታ,ተነበየ ጠነቆለ
ስድ ቤት,አጥር የሌለው ቤት
ልቤ ተሰቀለ,ሀሳብ ገባኝ
ለሆነ ነገር,ለሆነ ነገር
ርስት ተመራ,ርስት ተቀበለ
አፈ ቅቤ,ሲናገር የሚያሳምን
ምኑ ቅጡ,የማይያደርገው ምን ሊኖር
ርጋ,አትቅለብለብ
ሿ አደረገ,በተነ
በቁሙ ሞተ,ተጎዳ ተጎሳቆለ
ብራ ቀን,ዝናብ የሌለበት ቀን
ቀዳዳ,ነገር የማይቋጥር ሰው
ጠጁን ለበለበው,በሚገባ ጠጣው
ባላገር,ያልሰለጠነ ገጠሬ
ቅጥ ያጣ,መላው የጠፋ
ርጥብ አማኝ,አዲስ ምስክር
መራውን ወጣ,መጀመሪያ ገደለ
በጎ አድራጎት,ምግባረ ሰናይ
ነገር ቆሰቆሰ,ነገሩን አባባሰው
ሆን ብሎ,አውቆ
የእንባውን አገኘ,ያዘነበትን አገኘ
ልቡ ፈረሰ,ልቡን አመመው
ሲፈራ ሲቸር,ላድርግ አላድርግ ሲል
ቀደሰ,ጀመረ
ልብ ከዳ,ፈሪ አደረገ
የጭን በቅሎ,ባለቤቷ ብቻ የሚቀመጥባት
ቂጥ ለቂጥ ገጠመ,አበረ
ብስል ከጥሬ,ጥሩና መጥፎ
ቁራ ይጮህባታል,አገሩ ይፈታል
ሸክም ሆነ,አስቸገረ
አንገቱን ቀለሰ,አዘነ ተከዘ
ልሳነ እሳት,የእሳት ነበልባል
ራስ ተስሞ,በብዙ ልምምጥ
በቁምህ,በስራው ላይ እንደቆምክ
ቀባጢና,አርፎ የማይቀመጥ
ቅመም,በትንሹ የሚበቃ
ሙጢ አፍ,ነገረኛ
አምባር ሰበረ,ድንግልና ጣሰ
ወሬ ነዛ,ወሬ አሰራጨ
የሰይጣን ቁራጭ,ጨካኝ
ቤተ ፈት,አግኝቶ ያጣ
ልቡ ሸፈተ,እምቢ አሻፈረኝ ለማለት ፈለገ
ፀጋ ለበሰ,ፀጋ አደረበት
አንሳ,ጥፋትህን እመን
ሰምና ወርቅ,የሚስማሙ
በዋለ ቀረ,አልተመለሰም
የቤት ጉድ,መጥፎ ጠባይ
አርእስተ ነገር,ስረ ነገር
ቀላል ሰው ነው,ለቁም ነገር የሚበቃ አይደለም
የቆየ,የታገሰ
መከራ ስጋ,ችግር ስቃይ
አንዱ በቃኝ,ትልቅ
ጭራ ቀረሽ,እብድ
ራቤ,ናፍቆቴ
ቀልበ ደረቅ,ቀልድ የማይችል
በገ ሰማይ,አሳማ
ተስፈኛ,ትራፊ የሚበላ
ሆዱ አይበልጠውም,ብቻውን አይበላም
መጥኔውን ይስጥሽ,ትግስቱን ይስጥሽ
ባህሩን በዋና ቆረጠ,ተሻገረ
በረከተ ስጋ,ሀብተ ስጋ
ምስለ አፍሳሽ,ቅርፃ ቅርፅ የሚያወጣ
ያልሰማ ጆሮ,ለነገሩ እንግዳ
ከልኩ አለፈ,መጠኑ ጨመረ
ቅደም ተከተል,ፊትና ኋላ
ሞልጮኝ ሄደ,ገፎኝ ሄደ
ተስፋ አገኘ,ልቡ ሞላ
ልቡ ተቀሰቀሰ,ተነሳሳ
የብርሀን ልጆች,የፅድቅ ልጆች
የረፍት ጊዜዬ ተቃጠለ,እረፍቴን ሳልጠቀምበት አለፈ
የሰባ ነገር,ሊቋረጥ የደረሰ
ነገር ለደፈብኝ,ሳያስበው ክፉ ተናገረኝ
ይቅር ለግዜር,ቂሜን ትቻለሁ
ደም ያረገዘ ጣት,ሙሉና የሚያምር ጣት
ልቡ ቆሰለ,ተናደደ አዘነ
አድማ መታ,ሸመቀ ለአንድ አላማ ተስማማ
መቀጣጫ,ለሌሎች ምስሌ የሚሆን
አንደበቱ ረታ,አንደበቱ ሰላ
ሰርገኛ መጣ በርበሬ ቀንጥሱ,የሚቸኩል ሰው
ልብስ አስቀደደ,ልብስ አስለካ
ሰውነተ ቢስ,ቁም ነገር የሌለው
ቀረቀበ,በላ
ምግበ ነፍስ,ፆም ፀሎት
ራሱን አወጣ,ከችግር ተገለለ አተረፈ
በሽታ ይዞታል,አእምሮው ትክክል አይደለም
ጉልበቱ ተረታ,ደከመ
ቅርጥፍ ያለ ውሸታም,እልም ያለ
አፈር ቀመሰ,ሞተ
አይመስሉ መስሎ,ከሳ ጠቆረ ጎሰቆለ
ቤት መለስ,ሙያ ዘዴ
ምርቅና ፍትፍት,ክፉና ደግ
ይሸናል,ማፍሰስ ጀምሯል
ልበ ድፍን,ደደብ
ልበ ሙሉ,ደፋር ጎበዝ
ቅጭታም,አንገቱን ወለም የሚለው
ቢል ያለች,ሰውነት የሌላት
ቂሙን ቀረፈ,ብድሩን መለሰ
ድንጋይ መንከስ,የማያገኙትን አገኛለሁ ማለት
ቀለም አገባ,ነከረ
መሮ ጥርስ,ገጣጣ ጥርሳም
ልቡ ከዳው,ፈራ
ተባሰል,ተበሻሸቀ
የሰውን ልክ,የሰውን ችሎታ
ምች አደር,በየጊዜው የሚያገረሽ በሽታ
የነካካው እንጀራ,ትንሽ ወጥ የተለቀለቀ
በነገር በከለው,ስሙን አጠፋው
ረገጠ,አጠበ
ትዳሩ ሞላ,ባለፀጋ ሆነ
ቸብ አደረገ,በፍጥነት ሸጠ
መናገር ቃጠኝ,መናገር ፈለኩ
የኩልቤት,አዛዥና ታዣዥ የሌለበት
እርግፍ ያርገኝ,በሱ ፈንታ እኔ ልሙት
ርጥብ ቁርበት,ተገፎ ያልሰነበተ ቆዳ
ሴራ ጉዱ,ለጠብ ሰበብ ፈላጊ
በነቂስ ወጣ,በሙሉ ወጣ
ሞት ቀነጠሰው,በልጅነቱ ሞተ
ድፍን ቅል,ያልተማረ
ስጋው መጠጠ,ጠፍ አለ
ጠጉሩን ነቀሰ,አበጠረ
ሞት ይቆረብለትና,ይሙትና
ቃሉን ነቀለ,ለወጠ
መለመኛ አጣ,ፈፅሞ ደሀ ሆነ
በራዥ ከላሽ,በካይ
አገሩን አቀና,ለመኖሪያ እንዲመች አደረገ
ቤት ለንግዳ,እቤት ግቡና እረፉ
ሀረግ ጣለ,አስዋበ
ሰማይ ጠቀስ,በጣም ረጅም
እንትፍትፍ,መረቀ
ልቡ ቆረጠ,አንድ ነገር ለመፈፀም ወሰነ
በሀሳብ ሰጠመ,በሀሳብ ጭልጥ ብሎ ሄደ
ስር ሰደደ,ተጠናከረ
ላባ ቀረሽ,እብድ
የሰው ምሰሶ,እህል ሰውን በሂወት የሚያኖር
ነገሩን አብላላው,ጥሩ አድርገህ አስብበት
እንቅልፍ ይስባህ,እንቅልፍ ይጫጫንህ
ሩቅ አገር,ዳር አገር
የቁም ከብት,የቀንድ ከብት
አስረግጠህ ንገረኝ,አስተካክለህ እውነቱን
ውሻ ለከፈው,አረከሰው
ሆደ ቡቡ,ርህሩህ
ቅዘን ነዳው,በብዛት አስቀመጠው
ደም ተቃባ,ደም ያፋሰሰ ጠበኝነት
መምህርተር ልምዱ ሆነ,መዋሸት
የእንጨት ምንቸት,ራሱ የማያድን ሌላም የማያድን
አከንባሎ ሰበረ,እንደ አዲስ ሚስቱን ተገናኘ
ለነበር,ለስም
ልብ አውልቅ,አሰልቺ ነዝናዛ
ችክ ምንችክ አለ,ተሟዘዘ
መሬት ላሰ,ተለማመጠ
ፈሱን ቆረጠ,እጅግ አድርጎ ተሰቃዬ
አፉን አሾለ,ለነገር አቆተመ
እንዴት ያለ ቋንቋ ነው,እንዴት ያለ ሁኔታ ነው
አንድ ራሱን,ብቻውን
ቅርብ ዘመድ,ዝምዳንው ያልራቀ
ሆደ ባህር,ቻይ
ሱሪ አለበስኩም,ወንድ አይደለሁም
የነገር ርክፍካፎ,ተርፍ ቃል
ቤት ለንቦሳ,እንኳን ላምህ ወለደች
ፍሬው ተንተርክኳል,ዛፉ በብዛት ፍሬ አዝሏል
አስበቃ,አስጨረሰ
ሊጡ መጠጠ,ኮመጠጠ
ሸኘው,ገደለው
ንግግሩን አላረካውም,ደስ አላሰኘውም
ልበ ልል,ደካማ
ስም እንዳለው,እንደ ጥሩ ሰው
ስምህን ቄስ ይጥራው,ሙት
ተባቃ,ተጋደለ
ቂም አረገዘ,ቂም ያዘ
በሽታ ነካው,ታመመ
እስቲ ልውስ ትልና,ትንቀሳቀስና
ነደደው,እጅግ ተቆጣ
ፊደልም የቆጠረ አይመስል,ትንሽም የተማረ አይመስል
ለዋሳ,አቅመ ቢስ
ለአይን ሞላ,ገዘፈ አደገ
ወሬው በረደ,ቀዘቀዘ
ምጥ መጣ,ጭንቅ ሆነ
ረሀቡ በረደ,ታገሰ
ቦይ ቀደደ,ቦይ አወጣ
ለብሰሽ ፍጂው,ጨሪሺው ለአዲስ ልብስ 
አለምን አሸነፈ,እውነትን ወደደ አመፅን ጠላ
ከሞላ ጎደል,ከሙሉ ቅናሽ
ለይምሰል ስራ,ለእዩኝ ስራ
አልጋው ተነቃነቀ,የንጉሱ ስልጣን እየተዳከመ ሄደ
የነቃ,የሰለጠነ
ምስጋና ይንሳው,መጥኔውን ይስጠው
ተስፋ ሰጠ,ታገኛለህ አለ ውለታ ገባ
ነገሩ በሰለ,ግልፅ ሆነ
ልብ አትክን,አናዳጅ
ነፍስ ሆነ,ተወደደ
ቁም ስቅል,ጭንቅ ስቃይ
የሴትምህርት ቤት,የሴተኛ አዳሪ ቤት
የእህል ቋት,ሆዳም
የሚላስ የሚቀመስ,የሚበላ የሚጠጣ
ሁን ያለው ይሆናል,የፈለገው ይፈፀማል
ሰው ሆነ,ወደ ሰውነቱ ተለወጠ
መማለጃ በላ,ጉቦ ተቀበለ
ቅሬታ ገባው,ሳይደሰትበት ቀረ
ብቅል ረገጠ,ብቅል አበቀለ
በፍቅር ተነደፈ,ፍቅር ያዘው
ቆላ ቁስል,መርዘኛ ቁስል
ልብቡ አልሰከነም,ከልጅነት ባህርይ አልወጣም
መሰናዘሪያ ቦታ,መፈናፈኛ
ልበ ጠናና,ክፋትን እንጂ ደግን የማያስብ
ቃሉን አከበረ,በቃሉ ጠና
ቁስሉ ተቆጥቷል,የማይድን ሁኗል
ምን አግዶኝ,እንዴት ደፍሬ
ባህር ማዶ,ውጭ አገር
ብልሀት የለውም,ዋጋ የለውም
ክፉና በጎ,መጥፎ ነገር
ብቻ ግዴለም,የሰራኸኝን አልረሳህልም
እጅህን ሰብስብ,የሰው እቃ አትንካ
ምስጢር አፈሳ ሆነ,ሚስጥሩን ሁሉ አወቀው
ሙልጭ ወጣ,ባዶ እጁን ተባረረ
ልጨኛ,ለችግር ደራሽ
ከብቱን ለቀቀ,አሰማራ
የቋጠረው የማይፈታ,የወጠነው የሚያስቸግር
በቃኝ በቃኝ,እዚህ ላይ ይቁም
ሆደ መጋዝ,ክፉ ሰው
ወተቱ ሸፈተ,ቅቤ ማውጣት ጀመረ
ልብ አውልቅ,አሰልቺ አድካሚ
እግዚአብሄርህን አታሰናዝር,ባለህበት ቁም
ውሀ ቀጠነ,በሚያሲከፋ ነገር ተነጫነጨ
ጥርሱን አረገፈው,አወለቀው
ብትን ድልህ,ስልቅ በርበሬ
ሸማ ለባሽ,መንዳካ ደሀ
ምርር አለ,አዘነ
ግምባሩ ተሸበሸበ,ተቆጣ
ቁመናቢስ,የማያምር
ቁርበት የሌለው,ጋደም የሚልበት
የማይሆነው ነገር,አጉል ነገር
በነገር ረጨኝ,በከለኝ
መቀስ አፍ,ተናጋሪ
ስብስብ እምቤት,የማትዝረከረክ
አቀጠለ,እንደገና መለምለም ያዘ
ስረ ነገር,የነገር መነሻ
ልበ ብርቱ,ጠንካራ ባህርይ ያለው
ስርአት ተከለ,ህግ አወጣ
ቆዳ መሬት,ታርሶ ታርሶ ያረጀ መሬት
ጎዶሎ ቀን,አጉል ቀን
በድህነት ነደደ,እጅግ ተቸገረ
ስም አነሳ,አማ አመሰገነ
ልቡ ዋለለ,አመነታ ተጠራጠረ
እርስ በርሱ ተናከሰ,ተጣላ
ምን ቆርጦኝ,እንዴት ብደፍር
ምድር ተፋችው,አሽቀነጠረችው
አበቃቀሉ,ቁመቱ
ልበ ጥኑ,ጨካኝ
ከልኩ አያልፍም,የሆነው ይሆናል
ባታላጋኝ,ባታንገላታኝ
ብትንትኑ ወጣ,ምስቅልቅሉ ወጣ
ዝናብ መታው,ዝናብ ጣለበት
አራገፈ,ሙልጭ አደረገ
ንድፈ ሀሳብ,መነሻ ሀሳብ
ልቡ ሻ አለ,ፈለገ
ብላ ተባላ,ክፉ ጊዜ
እርግጥ,እውን
በእንባ ተራጨ,ተላቀሰ
ስጋዬ,ዘመዴ
ምድር መታች,ለባሏ ምግብ አዘጋጀች
ምራቁን ዋጠ,ጠፍተኛ ሆነ
ባይሆን,ካልሆነ
ተቀባባች,አማረረች
የሰው ሚስት አማገጠ,የሰው ሚስት ተገናኜ
በይና ተበይ,አጥፊና ጠፊ
ላይኞች,ባለስልጣኖች
ተቋጠረ,የዝምድና ሀረግ ተጓተተ
አይነ ልም,ተንኮለኛ
ልብስ ገፋፊ,የሬሳ ልብስ ወሳጅ
ሸተት አለ,አፈገፈገ
ቂም ያዘ,ቂሙን በልቡ አሳደረ
ነበር ቤት አይሰራም,ባለፈ ታሪክ መኩራራት አይጠቅምም
ተራ ነገር,ቀላል ነገር
ቁስሉ ሸፈጠ,ድኖ የነበረው አመረቀዘ
ቢነስርም ቢከስርም,ቢያተርፍም ባያተርፍም
ሰው ሆነ,አደብ ገዛ
በረከት ወረደ,የጥጋብ ዘመን መጣ
ቆይታ ያዘ,ከባለሟሎች ጋር መከረ
ባርያ ሰደድ,ጠንካራ ገብስ
አገር ተመታ,በጦርነት ጠፋ
በተ በረከት,ጥቂቱ ብዙ የሚሆንበት
ቂም ቋጠረ,ቂም ያዘ
ቅምጠላው ጠፋ,ህሊናውን ሳተ
ኮሶ ተጣባ,ኮሶ ታዬ
ድንበር ረገጠ,ወሰኑን አሳዬ
ፈተና ቀለለ,ሳይከብድ ቀረ
ቸበቸበው,በርካሽ ሸጠው
ስራዬ ብሎ,ሆን ብሎ
ወይ ነዶ,እንዴት ያስቆጣል
ትንትግ ትንትግ አለ,ቶሎ ቶሎ ተቆጣ
ብቅል አይጠንሰስ,ዘወትር ሰካራም
ቅፍፍ ያለ,መልኩ ጥፉ
ስድ አደግ,ያልተቀጣ
ልባቸው ተራርቋል,ተቀያይመዋል
ሹመት ያዳብር,ስልጣን እየጨመረ ይሂድ
ልብ አድርቅ,መንቻካ አሰልቺ
ባይሸት ይሻላል,ውጪ ባይወጣ
እንጨት ሰባሪ,ለማገዶ ሚሆን እንጨት ሰባሪ
መገዘዝ ፊት,የደስታ ፊት የማይታይበት
ሱቅ በደረቴ,ሸቀጥ አዟሪ
ልቡ ሰባ,ተበተ
አሸበሸበ,እስክስታ ወረደ
ቅቤ ጠባሽ,እወደድ ባይ
አናቱን ለየ,አወቀ
አበጥሮ ያውቃል,ጥሩ አድርጎ ያውቃል
መስክረም ሲብት,መስከረም ሲጀመር
አፈ ሹል,ነገረኛ
በዱላ አቦነነው,ደህና አድርጎ መታው
ጋኔን ለከፈው,ርኩስ መንፈስ አደረበት
ረጠበ,አገኘ
የጣይ ሽንት,የደጋ ርጥበት
ምጣድ ሰማ,ጋለ
ተራ መታ,ተደረደረ
ምን ያምር,እንዴት ያምር
እንትፍ እንትፍ አለ,ጥላቻውን ተወ
ስርቅ ስርቅ አለው,ትን ትን አለው
በነገር በከለኝ,ነገር ውስጥ አስገባኝ
ይቀለኛል,አልፈራውም አላፍረውም
የበሰለ ዋስ,ሙሉ ዋስትና የወሰደ ሰው
ብስል ተቀሊል,ጥሩውም መጥፎም ያለበት
እጅ ሳመ,ተለማመጠ
ተካይ ነቃይ,ሿሚ ሻሪ
ሀብተ ሰባራ,ማንኛውም ነገር የማይቃናለት
ተበላ,በቁማር ገንዘብ ከሰረ
አንደበተ ስል,ጥሩ ተናጋሪ
ልበ ተራራ,ባለብዙ እቅድ
አር የነካው እንጨት,ሁሉም የሚያጥላላው
ልቡን መታው,ትዝ አለው አቅለሸለሸው
ሰይጣን ደፋር,ልበ ቆራጥ
በሀብት ተነከረ,ከበረ
ሽንታም,ፈሪ ቦቅባቃ
ቁመናማ,ቁመተ መልካም
ትምህርቱን ቀጠቀጠ,ጥሩ አድርጎ አጠና ተማረ
ጫካው ቀና,ጫካዉ ተመነጠረ
ምላሽ ጠራ,ሙሽሮቹን ቤት አሳየ
ምድር ደህና ዋይ አለ,ፈፅሞ ኮራ
ለበረከቱ,ለረድኤቱ
ሲስሟት ቀርቶ ሲስቧት,ሲለማመጧት እምቢ ብላ ሲያስገድዷት
ብልሀት አለቀበት,መውጫ ቀዳዳ አጣ
ብስል ሰው,አዋቂ
ህሊናውን ሳተ,እንደ እብድ አደረገው
ምግቡን አነከተው,ጨርሶ በላው
ልቡን ነካው,በመደነቅ በርሀራኄ አይን አየው
ለጋ ደመና,ጥቁርነት የሌለው ደመና
ወገብሽን ታጠቂ,ተጠናከሪ
አንበጣ መታው,አንበጣ በላው
ቁም ፅህፈት,ጉልህና የሚያምር ፁሁፍ
አራግፎ,አውጥቶ
እልሁን አስቆጠረ,ንዴቱን እንዲጨርስ አደረገ
ብር ቂንጥ,ቱር ቂብ
አባ ሰንጋ,የከብት በሽታ
ልብ አብርድ,አስደሳች
ሙልጭ አድርጎ ሰደበ,ፈፅሞ አዋረደ
ሰውነቴ በሰለ,ዛለ
መልስ ያለ,አነስ ያለ
ንባቡን ለበለበው,በፍጥነት አነበበው
መሬት አሳመው,አዋረደው
ተላላሰ,ተመሰጋገነ
ሌባ ሻይ,ልዩ መድሀኒት ሌባን የሚጠቁም
ቀኝ እጅ,ጥሩ ወዳጅ
ትምህርት ቀሰመ,ተማረ
ቀደም ሲል,ድሮ
ነኝ ባይ,በራሱ የሚኩራራ
ሁለት ምላስ,ሀሰት እና እውነት ደባላቂ
በል በል አለኝ,አድርግ አድርግ አለኝ
ወገቡን ሞከረ,እዳሪ መጣ
ጥምጥሙን ቆለለ,ጥምጥሙን በረጅሙ አሰረ
ተስፋ ቆረጠ,ተስፋ ቢስ ሆነ
ንቅስ ንቅስ አደረገ,ትንሽ ትንሽ በላ
ስጋዊ,አለማዊ
ምን ከፋኝ,እስማማለሁ
መከራ ሸመተ,መከራ አተረፈ
ሁለት ልብ,ወላዋይ
ቁርበት,ሞኝ
ሀሳቡ ተበታተነ,አልሰባሰብ አለ
ቅልጥ አለ,እዚያው ቀረ
ጥሬ ቃል,ሳይተረጎም እንዳለ የተተወ ሀሳብ
ስልጡን አፍ,አለሁ አለሁ ባይ
ብረ ሸሽ,ዘለግ ያለ ሰው ነው
ቃሪያ ድምጥ,ድምጡ ገና ያልተገራ
ቁስለ ስጋ,ቁምጥና
ታቦት ነገሰ,ታቦት ወጣ
ነገር ሻጠብኝ,ድንገት ጣል አደረገብኝ
ስለሆነ,በመደረጉ ምክንያት
መስቀልን ተሰላጢን,የአለሙንም የሀይማኖቱንም የተማረ
ትከሻ ቢስ,ቀትረ ቀላል
የነካው,እብድ ወፈፌ
አይኑ ሞቷል,አያይም
አይኑን ሰቅሎ አዬ,ትኩር ብሎ አየ
ጋኑ ተሾመ,ጋኑ ተሞላ
በሩን ቀረቀረ,ዘጋ
ዝናቡ ነዘነዘ,ያለማቋረጥ ዘነበ
ሰማዩ ተደፋበት,ግራ ተጋባ
ሰለጠነባቸው,በኋላ መጥቶ የበላያቸው ሆነ
ቡዳ ቀረጠፈው,ቡዳ በላው
አቀለጠኝ,አታለለኝ
ገንዘቡን አቃጠለ,ባልባሌ ነገር አጠፋ
በል እንጂ,ተናገር እንጂ
ትከሻማ,ግርማ ሞገስ ያለው ሰው
ሰማይ ሰማይ አትይ,መንገድህን እይ
ነቃ በል,ጠንቀቅ በል
ጠጉር ስንጠቃ,አጉል መራቀቅ
ተቃበጠ,ተጫወተ
የቀለም ሰው,የትምህርት ሰው
ቃሉን ሰጠ,መሰከረ
ልብ ወረደው,ሰውነቱ ዛለ
የጀግኖች ባል,ከጀግኖች በላይ የሆነ ጀግና
በቀንዱ አፈር ያዘ,ነገር ፈለገ
የነገር ቁራጭ,ነገር ማሳጠሪያ
ቂሙን ቀረፈ,ቂሙን አስወገደ
በገና መታ,ደረደረ
ነገር ለኮሰ,በነገር ሰውን አጣላ
የሰው በታች,ወራዳ
ዘመዱን ሸኘ,ዘመዱ ሞተበት
ቅርጥ የለሽ,ቁመና ቢስ
ተባራሪ ወሬ,ምንጩ የማይታወቅ ወሬ
በትሩ ሀይለኛ ነው,አመታቱ መርዛም
ነገር ሰራ,አሳበቀ
የንክ ንካው ያለህ,እንዴት ያለ ውርጅብኝ ነው
ልቡ ቆመ,ሀሳብ ውስጥ ነው
ሆዱን በላው,አሳዘነው
ካርኔ ቆረጠ,ደረሰኝ ወሰደ
ትምህርት ቀለበ,ቶሎ ገባው
ሰነፍ እርቅ,ከልብ ያልሆነ እርቅ
አክ እንትፍ አለ,ፈፅሞ ጠላው
ምድር ቀለጠ,የተፋፋመ ጠብ ሆነ
ብልት አዋቂ,የስጋ አይነት አዋቂ
ዳኝነቱን አነሳ,እዳውን አመነ
ጉንፋኑ በሰለ,እየዳነ ሄደ
ስራ ተቋርጠ,የስራ ውል ተስማማ
አላዋቂ ሳሚ,ስነ ስርአት አልባ
ልጁ ቀለጠ,ተበላሸ
ቀን ቀን አለው,እየለየ የሚሆንበት ጊዜ
ሰረገላ ውግ,ስውር ስፌት
ቀትር ቀትር,ግትር ወይም መመናቀር
ቁም ዜማ,ከበሮ የሌለበት ዋና ዜማ
የእግዜብሄር በትር,የእግዚአብሄር ቁጣ
ተነሳሳ,በል በል አለው
ምንጭር ቆራጭ,ታማኝ
ሲያቀና ዋለ,ሲነግድ ዋለ
ተልባ,ተንሸራታች
በሬው ቀና,ተስተካከለ
ብረት ሰራ,ቀጠቀጠ
አመል ነሳ,አመለቢስ ሆነ
ሰው ሆነ,ራሱን ቻለ
መከራ ቀመሰ,ተሰቃየ
ደመ መምህር,ነገር የሚገንበት
ንብዝ ያዘው,ልብ ያጣ ወደ አጉል ነገር እያመራ ያለ
ሙት ደረቅ አይበላም,ማንኛውም ሙት እንደ አቅሙ ይቆረብለታል
ራሱን ቻለ,ራሱን አስተዳደረ
ለጋ ጨረቃ,ብርሀኗ ገና ያልደመቀ
በረሀብ ተቀጣ,ረሀብ ጠነከረበት
ነገር ቆሰቆሰ,ነገር አነሳሳ
ሆነብኝ,የማልወደው ነገር ደረሰብኝ
ማእዱን አማገጠ,የቀረበለትን በደንብ ሳይበላ ቀረ
እንደመሆኑ መጠን,ስለሆነ
ቁርጥ ስጋ,ጥሬውን የሚበላ ስጋ
ሳት አደረገ,ፈሱን ፈሳ
ስብሳብ የተወለደ,የትም የተወለደ
እርግፍ እርግፍ አለች,እስክስታ ወረደች
ክፉ ስልጣኔ,ተንኮል
ቃሉን አጠፈ,ከዳ
ዋጋ ቆለለ,አብዝቶ ተናገረ
ሆደ ገር,የዋህ ሰው
ይቅር ተባባለ,ተስማማ
ህግ ገባ,ልጃገረድ ከመረጠ
አገር ረጋ,ሰላም ሆነ
እንባ ጠባቂ,ተቆርቋሪ
ባላ አቁሞ,በሰፊው
ራሱን ሳተ,ትክክል ማሰብ አቃተው
ሳብ ረገብ,ያዝ ለቀቅ
ባልና ሚስት ቁልፍ,ተሰካኪ ቁልፍ
አንድ ሰበር,ልጅ ከብት
ባዶውን ቀረ,ያለ ምንም ነገር ቀረ
በልብ አዋለ,አስታወሰ
ነገሩ ረቀቀ,ጥል ቆመ
ቁርበተ ሞኝ,ሲያዩት አላዋቂ የሚመስል
ሞቅ ሞቅ አለ,ደመቅ ደምቅ አለ
ቃሪያ ሰነጋ,በጨው አጣፈተ
ባር ባር አለው,ፍራት ፍራት አለው
የስጋ ከብት,ለምቾት ብቻ የሚያስብ
ብቅል ረገጠ,ብቅል አበቀለ
ነበር ነው,ያለፈ ጉዳይ ነው
ተክሊል ሞላ,በተክሊል አገባ
ቀደም ቀደም አትበል,አለው አለው አትበል
ባለህበት ርጋ,አትፍራ
ቀኝ ቀኙን ያስመልክትህ,ደግ ደጉን
ይቅር አለ,ታረቀ
በረገድ በረገዱ,በወገን በወገኑ
ባዶ,ጭንቅላት የሌለው
ቂም መቅረፊያ,ማመካኛ
ደጀኑን ሰበረ,ጥሶ ሄደ
ያንሳህ,ይግደልህ
በሞተ ከዳ,ተተኪ
ቀጭን እመቤት,ራሷን የቻለች
ሆዱን ቆረጠው,ነገሩ ከነከነው
ሀፍረት ለበሰ,በጣፋቱ አፍሮ ፈዝዞ ቀረ
ከርስት ነቀለ,አባራረ አስወጣ
ያዞ እንባ,የውሸት ሀዘን
ስር ነቃይ,አስማተኛ
ቤት ለቤት,እቤት ውስጥ
ቁጣዬን ቀሙኝ,መናደድ ያለብኝ እኔ ነበርኩ
ዛፉ ሞተ,ደረቀ
ሰምና ፈትል ሁናችኋል,ተስማማታችኋል
ስልክ መታ,ስልክ ደወለ
ራሱን አዋረደ,ትሁት ሆነ
ቀርበታ ሆድ,ሆደ ትልቅ
ህግ አፈረሰ,ቆቡን ጣለ
በሀብት የበሰበሰ,ብዙ ሀብት ያለው
ሆዱ ሻከረ,ነገር ገባው
ነውረ ስጋ,የሰውነት ሀጢአት
ሌባ ዝናብ,ሳይታሰብ ድንገት የመጣ ዝናብ
እሰጥ አገባ,ሙግት
ከሆነማ,ከተቻለ
ቅል አንገት,የደጋን ማርገብገቢያ
ላይ ታች አለ,ወላወለ
ለመናት,በግብረ ስጋ እንገናኝ አላት
ልቡ ቀዘቀዘ,አዘነ ትካዜ ገባው
እንባ ቀረሽ,ሊያለቅስ ትንሽ የቀረው
ባዝራ ተድንጉላ,ሴትና ወንድ
ክርስትና አነሳ,የክርስትና አባት ሆነ
ሆድ ሆዴን አለኝ,ስለ ሆዴ አጉል ተናገረኝ
ቁም ነገር,ትክክለኛ ነገር
ልቡ ሞቷል,ሰንፏል
ፀሀይ መታው,ፀሀይ አቃጠለቅ አጠፋው
ጭቃው መጠጠ,መድረቅ ጀመረ
ሰውነቱን ሸመቀቀው,አሳፋረው ያየው ነገር አሳዘነው
ራስ ስሞሽ,በጥብቅ ለመነ
ህግ ሰበረ,ህግ ተላለፈ
የማያቀራርብ ስራ,የተንኮል ስራ
ሾለከ,አመለጠ
ጉልበቱ ተሸነፈ,ጉልበቱ ደከመ
በሰው ፊት ቀሰለ,ተዋረደ
ሀሳበ ቢስ,ደንታ ጣጣ የሌለው
ከበግ አይሻልም,ሞኝ ነው
ርጋጭ ርጋጭ ይላል,እምክ እምክ ይላል
ሆዱ ጠቡቷል,አይርበውም
ቡፍ አለ,ቶሎ ተቆጣ
ቆጠረ,ሰጠ ሸለመ
ቁጥብ ቁጥብ,ትንሽ ትንሽ
ፊት ነሳ,በጥላቻ ተመለከተ ተኮሳተረ
ብር ነቀል,ትምህርቱን ጨርሶ ስራ የጀመረ ሰው
አልተቀራረቡም,በዋጋ አልተስማሙም
የርሱ ነገር በቃኝ,ሰለቸ
ምናምንቴ,ወራዳ የማይረባ 
ንቃይ,አራሙቻ
ዋጋ ቀረፈ,አሳነሰ
ማላ አፈረሰ,ምሎ ከዳ
የጉም ሽንት,በጉም ጊዜ ቀስ በቀስ የሚዘንብ ዝናብ
መሟጠጫ,መጨረሻ
ቅዱስ ባለጌ,የተለየ ልዩ ባለጌ
እንደ ቢጤው መምህር,እንደ እራስ መምህር
ይለዋወጣል,አመሉ ይቀያየራል
የድሀ መከታ,ለድሆች አዛኝ
ልቅም ያለች,እጅግ ባለሙያ
መተረቻ ሆነ,ማሾፊያ ሆነ
በሀሰት ለጠፈበት,ያልላጠፋውን አጥፊ ነህ አለው
ጠላው ተቆጣ,ጣእሙን አጣ
ሽባጥ,ያለ ስራው የገባ ሰው
ማንቆርቆሪያ አፍንጫ,አፍንጫ ሰፊ
ሰማይ ዳሴ,በጣም ረጅም
ላይ ላዩን ሄደ,ነካ ነካ አደረገ
ተው ተው አለ,ገላገለ
እሾህን በሾህ,እርስ በራሱ
ምድር ያዘ,ደከመ
ምሳ አደረገ,ጋበዘ
አለጠለጠ,አማረበት
አሳሩን በላ,መከራ አዬ
ቋሚ ንብረት,የማይንቀሳቀስ ንብረት
አስበላኸኝ,አጋለጥከኝ
ይበላል,ደምወዝ ያገኛል
ቀንደኛ,ልቅደም ልቅደም ባይ
ለመከራ ሰጠ,ዳረገ
ተው ባይ,መካሪ
ቀንበር ተሸከመ,ሁሉንም ስራ ሳይሰለች የሚሰራ
ባህር እሳት,ፍልውሀ
ቁመተ ዶሮ,አጭር ሰው
ስር ጠምዛዣ,አስማተኛ
ቀልበ ጮሬ,የማይጨበጥ
አመለከተ,ነገረ
ቅጡም እንዲያ ነው,ወሬው
ይሆናል ብሎ,የሚፈፀም መስሎት
የሰው ስጋ መብላት ይወዳል,ሀሜተኛ ነው
ልቡ አበጠ,ተጀነነ ተኩራራ
ሴተ መሬት,ወፍራምነት የሌለው ቀላል መሬት
ተራ ሰው,አልባሌ ሰው
ልብ አጣ,ረሺ ሆነ
የበላይና የበታች,አለቃና ታዛዥ
ምድር ተፋችው,ከከባድ አደጋ ዳነ
ባትህን አሳዬኝ,ቶሎ ቶሎ ተራመድ
ጨዋታው ሞቀ,ሁሉም ይለፈልፍ ጀመር
ሰብቷል,ደልቶታል
አባ ሙላት,በጣም ቸር
ነገር ሸተተው,መጣላት ፈለገ
እድሜው ተሰናከለ,አጠረ
ስም ለበስ,ውስጠ ክፉ
ተቋቋመ,ትዳር ያዘ
ባለ ቀትር,በጣም የተናደደ
ዋንጫ ልቅለቃ,የአንገት እስክስታ
ሀይ አለ,አባረረ
ቤት ሞላ,ስንኙ ገጠመ
ያንበሳ መደብ,ያንበሳ መኖሪያ
ምስጢር ባከነ,ተገለጠ
ተለሳለሰ,ስራ ፈቶ ተቀመጠ
ራሱን ቀበረ,ተሽገገ
ለ አትሰለፍ,አትተባበር
ስም አጠፋ,አማ
ባለቤት,የአንድ ነገር ባለንብረት
ዝርዝር ምስክር,ተራ ምስክር
ቅጥየለሽ,ስርአት የለሽ
ማህሌት ቆመ,ምስጋና አደረሰ
ሳረ በል,ከእህቱ የተገናኘ
ሟጣጭ ሌባ,ሳያስቀር የሚሰርቅ
የኔ ቢጤ,ለማኝ
ስብስብ,ጨዋ
ሊበላ ,ሊገኝ
ልቡን ከዳው,ወፈፍ አደረገው
ባዶ እጅ,ስጦታ ያልያዘ እጅ
እግዚአብሄርህን ሰብስብ,ዙረት አታብዛ
በልክ,በመጠን
ብትን ወረቀት,ያልተጠረዘ ወረቀት
ምን ቆረጠኝና,ምን አገባኝ
ቆንጣጭ,የሚቆጣ
ሰረገላ ቁልፍ,ውስጥ ለውስጥ የሚዘጋ ቁልፍ
በለስ ቀናው,አደን አገኘ
ልቡ ባከነ,በስራ ብዛት የምይዘውንና የሚጥለውን አጣ
የጎድን በር,ስጋ የሚገባበት በር
ቁብ የለሽ,ግድ የለሽ
ቆስቁሶ ቆስቁሶ,ነካክቶ ነካክቶ
ቀላድ ጣለ,መሬት ለካ
ራስሱ ዞረ,ተናደደ ተበሳጨ
አርከፈከፈብን,ትንሽ ትንሽ ሰጠን
ነገር ተበተበ,አሴረ
ራስ ምታት,ራስ ህመም
የመስቀል ወፍ,ቆይቶ ቆይቶ የሚታይ
ቤተ ክርስትያን ሳመ,ወደ ቤተ ክርስትያን ሄደ
ዱላ ሸተተው,በትር ፈለገው
ንክር,ሞኝ
ቢጤ ከቢጤው,ካምሳያው
ካገር በነነ,ካገር ጠፋ
መኪናዬ በሽተኛ ሁናለች,በየጊዜው ትበላሻለች
ቀን ወጣለት,ጥሩ ጊዜ አጋጠመው
እልታው ቀለጠ,አማረ
እንባ አቀረረ,ሊያለቅስ ቃጣው
ተቃቃረ,ተቀያየመ
ተወው,መከራ ይድርሰበት
መሬቱ ተርቧል,ዝናብ አጥፍቶታል
አልብሽኝ አንተርሽኝ,አሞላቂኝ
ባጣ ባጣ,ምንም ቢጠፋ
ልብስህን ሰብስብ,አታንከርፍፍ
ንቁ,ፈዛዛ ያልሆነ
ሁለትምህርት ቤት,በጣም ተዋደዋል
ወጡን ቅቤ ነሰረው,ቅቤ በዝቶበታል
አፉ ተሸበሸበ,እንዳይናገር ተከለከለ
አገሪቷ ለውጥ ያሻታል,እድገትና መሻሻል
በዱላ አበራየው,ክፉኛ ደበደበው
ሸናበት,አላገጠባት
ምላስህን ሰብስብ,አትናገር አደብ ግዛ
ሰቀላ ቤት,አግድም አራት ማእዘን ቤት
ምድርና ሰማይ ዞረባት,ተደነጋገረ
ቅስሙ ተሰበረ,ተስፋ ቆረጠ
ብትሰማ ይሻላል,ጉዳዩን ብታጤነው ብታሰላስልበት
እንባ ረጨበት,በጣም አዝኖ አለቀሰ
ልበ ደፋር,ጎበዝ ቆራጥ
ቂጣም,ወፍራም
ቅቤ አንጓች,እወደድ ባይ
እሾህ አፍ,ተሳዳቢ ሰው
አለባበሰ,ደበቀ
በቁሙ ቀበረው,ደባ ሰራበት
ባጭር ቀጨ,ባጭር አስቀረው
ጉቦ በላ,ጉቦ ተቀበለ
ሰው ሰው አትበል,አትንቀልቀል
ማላ ፋቱ,ሲምል የማያፍር
የቁርጥ ዋጋ,የመሸጫው ዋጋ
ነቀዝ,ቢበላ የማይጠገብ
ምግበ ስጋ,እህል ውሀ
ተቋቋመው,ነገሩን ራሱ ተወጣው
የቃርሚያ ሩጫ,አስቸጋሪ የሆነ ሩጫ
ቃል ሰጠ,ተናገረ ውለታ ገባ
ቆይቶ ቆይቶ,አልፎ አልፎ
ዝናብ ቀጠቀጠው,ዝናብ አራሰው
ሸማ በየፈረጀ ይለበሳል,ሰው በየጠባዩ ይወደዳል
በሀሳብ ባከነ,በሀሳብ ተዋጠ
ክረምቱ ተጫነ,ከበደ
ስራ ፈት,ማጋጣ ዋልጌ 
አይለመደኝም,አልደግመው
አራገጠ,አዋሰነ
ተቆረቆረ,አሰበ
ሞተር አስነሳ,እንዲንቀሳቀስ አደረገ
በነገር ነደፈው,አስቀየመው
አፅመምህርስት,ከአያት ከቅድመ አያት የመጣ እርስት
አትቁጠርብኝ,ሰበብ አታድርገኝ
ችግር አለው,የሚያደርገውን አጣ
አይሞላለት,አያልፍለት አይሳካለት 
የሰው ባዶ,ደንቆሮ
በሽታው ቀለለው,እየተሻለው ሄደ
የበግ ለምድ የለበሰ,ውስጠ ተንኮል ያለበት
ልብ አብሽቅ,አናዳጅ
ባህር ወለድ,የብዙ ልጅ እናት
ሰው እንዳይሆን የለም,መሳሳት አይቀርም
ውሀ በላው,ሰካራም ሆነ
ሎሚ በየተራ,ሁሉም በዬድሉ
ልቡ ሰባ,ታበየ
ብትክ ብትክ አለ,ተዘባነነ
ቀጭ መታው,አለፍሬ አስቀረው
መንገድ ቀደደ,መንገድ አወጣ
እንደ ተረከበው,እንደ አቅሙ
ቅንድብ መሸለል,በኩል ማጋጠም
በረከት የለሽ,አድፈንፋኝ
ቅጠ ቢስ,የማያምር
የሞቀ ቤት,የደራና የተደራጀ ቤት
በየቤቱ,በየፊናው
ሀዘን ሸነቆጠው,ደራርቦ ደረሰበት
በወንጭፍ የሚነዳ,እጅግ በጣም ብዙ
ልበ ድንጋይ,የነገሩትን የማይሰማ
ተባራሪ ጥይት,ያልታለመለትን ነገር የመታ ጥይት
ቢል ያለች እንጀራ,ስስ እንጀራ
ገንዘቡ ቀለጠ,ጠፍቶ ቀረ
አሻሮ ቃሚ,ድሀ
አይኑ ቀላ,አስተያየቱ የምቀኛ ነው
ማርም አልልስ,በጣም ጠግቤያለሁ
በቅሎ ነች,መውለድ አትችልም
ዳኛን ሰበረ,ወደበላይ ዳኛ ሄዱ የተችኛውን ንቆ
በረኛ,በር ጠባቂ
ሰው በመሰል ይሞታል,በይሆናል
ለጋ ቅቤ,ትኩስ ቅቤ
ዛር ስትወልድ ቢያይ የሚያምጥ,እርግብግብ ሩህሩህ
በሰፈሩት ቁና,በሰሩት ስራ
ባጭር ተቀጠፈ,በልጅነቱ ሞተ
ኋላ ኋላ አለ,አፈገፈገ
ሻ ብትን,መለያየት
ልቡ ቀረ,አንድ ነገር ወደደ
የወላድ መካን,ልጅ የማያድግላት
ልቡ ቋመጠ,ከጀለ ጎመጀ
የሆነው ይሁን አለ,ተስማማ
ልቤ ረጋ,ተንፈስ አለ
ጠመንጃውን ንቀስ,ቀና አድርገህ ያዝ
ቁጭ ቁጭ አደረገ,በጥቂት በጥቂቱ አወጣ
ገበታው ሳሳ,እንጀራው አነሰ
ልቡ ወደደ,አፈቀረ
ስራ ሰሪውን,ተንኮል አድራጊውን
መንግጎ ወሰደ,ቀምቶ ወሰደው
ቅል ራስ,ባዶ ራስ
ቅሌም ይኸው ነው,አካሄዱማ እንዲህ ነበር
መከተ,ተቋቋመ ተቻቻለ
ሲሮጥ ያሰሩት,በውል ያልታሰረ በችኮላ የታሰረ
አልሚና ለሚ,ኮከባቸው የሚገጥም
ገላ ነክ,የውስጥ ልብስ
የሆነ ያልሆነውን,ማንኛውንም ነገር
በምጥ ማርያም አለ,አማጠነ ለመነ
አይኑን አነሳ,አቀና
ዳኛው ሰማ,ክሱን አዳመጠ
ሆዴ ተቋጠረ,አርበኝ አለ
ሆድ ሆዴን,ውስጣዊ ስሜቴን
ቅርብ ለቅርብ,ጎን ለጎን
ካንድ ወንዝ የተቀዱ,ነገር ስራቸው የተመሳሰለ
የሰይጣን ስራ,ክፋት
በነገር ሸነቆጠው,ወቀሰው
ልቡን ሰበረው,አሳዛነው
መዝገብ ላይ ውስጥ ተከለ,መዘገበ
ሆዱ ጎሸ,በነገር ተነካ
ነገር በላ,የነገር ስልት አወቀ
አለከፈ,ትንሽ ትኝሽ ሰጠ
ልበ ገር,መልካም ሰው
ቀንዳ ቀንዳ አለ,ልብለጥ ልብለጥ አለ
በገና መታ,በገና ተጫወተ
በቁርጥ ስራ,በተወሰነ ጊዜ አልቆ የሚያስረክቡት
እሳት የላፈው,ፈጣን
የሰይጣን ነገር,ክፉ ነገር
ልብ አደረገ,አጤነ አስተዋለ
ቀፎ ለቀፎ,ውስጥ ለውስጥ
እሾህ አይውጋህ,ክፉ አይንካህ
ቆዳ ተማሪ,አእምሮው ትምህርት የማይቀበል ተማሪ
ተቆለለ,ኮራ
ልቡን በላው,አሳዘነው ነካው
ባህር ሸሸ,በበጋ የሚደርቅ ኩሬ
ቆሌው ተገፏል,በረከት አጥቷል
ውሸቱን ለቀቀው,ሳያፍር በብዛት ዋሸ
መግል ሰራ,አቆረ
ስጋ በል,አውሬ
ሽል ያለ,ራሱ ትንሽ አካሉ ወፍራም የሆነ ሰው
እማኝ አነሳ,ቋጠረ
ሀሳብ ተሰነቀረብኝ,ድንገት ሀሳብ ገባኝ
ተሆነ ተሆነ,የሚቻል ከሆነ
ክፉ ነገር ረመጠብኝ,ሳላስበው ክፉ ነገር ነገረኝ
ቅጥቡ ሞላ,እድሜው ሞላ
ብእር ነቀል ሆነ,ትምህርቱን ጨረሰ
አይሆንም,ጥሩ አይደለም
ራስ ላይ ወጣ,አሰከረ
ተሽጦ,ጥገኛ ሆኖ
ሰርቆሽ በር,የሚስጥር በር
ሁለተኛ ስራ,ተጣርቶ ያልተሰራ አዳጋሚ ስራ
ይቅናህ,ይሳካልህ
ሽጉጥ ጠጣ,በገዛ እጁ ሞተ
ነገርን ነገር ያነሳዋል,ያስታውሳል
መላቅጡ የጠፋ ነገር,መያዣ መጨበጫ የሌለው
በጅ አለ,እሺ አለ
መቼም መቸ,ምንግዜም
ፊቱ ተሸበሸበ,ተጨማደደ
ባላጋራ,ጠላት
የወንድ በር,በጠላት ሰራዊት መካከል የጎበዝ መተላለፊያ መንገድ
ወሬ አቃዳ,ወሬውን ከአንዱ ወደ ሌላው አዳረሰ
ቁና ቁና ተነፈሰ,ድካም ታየበት
ቀኑ በራ,ፀሀያማ ሆነ
የቤት ስራ,እቤት የሚከናወነው ትምህርት
ችክ አለ,ሙዝዝ አለ
ያስችልህ,ትእግስት ይስጥህ
ቁርበት ጣሉለት,መኝታ አንጥፉለት
በትር ቀመሰ,ተመታ
አይነ ሰባራ,አይን አፋር
ባህር ሸሽ,ዳር ዳሩ የሚደርቅ ሀይቅ
ቀንዱን ተመታ,መሳሪያው ተመታ
ቁራጫም,ፍፁም ደሀ
ስሙን ተከለ,በሰራው ታዋቂ ሆነ
አቃለለ,አራከሰ
አነቃቂ,ሀይል ጉልበት የሚሰጥ አበረታች
በነገር ቀቀለኝ,በነገር አናደደኝ
የቢስ የቸር,የክፉ የበጎ
ስልጡን እጅ,የሰው እቃ ከማንሳት የማይቆጠብ
ባርያ ድንጋይ,በቶሎ የማይሰበር ድንጋይ
የቤት ጣጣ,የትዳር ነገር
የብሎት ቀን,ስጋና ቅቤ የሚበላበት ፆም ያልሆነ ቀን
ሁለቱ ድርና ማግ ሁነዋል,በፍፁም ተስማምተዋል
የአይን ምሳ,የሚያምር ነገር
ሰውነቴን ነዘረኝ,ሰውነቴን አርገፈገኝ
አደራ በላ,አደራ አስቀረ
ቁስሉ ምጠጠ,ቁስሉ ደረቀ
ዱላ መዘዘ,ተጣለ
ስሜቱ ቀዘቀዘ,ቅስሙ ተሰበረ
ብልቱን መታው,የነገሩን ጫፍ ደረሰበት
ቁርጡ ታወቀ,እውነቱ ታወቀ
ሰባራ ስንጥር,ማንኛውም ቁሳቁስ
ውሸቱን ላፈው,አብዝቶ ዋሸ
እግሩ ቀለለ,ፈጠነ
ዝናቡ አቆመ,ዝናቡ መዝነብ አቆመ
የረጋ ነው,አደብ የገዛ ነው
ለቀለቀኝ,በነገር በከለኝ
ነክረው,ቂል ጅላጅል
ሱሪ ቢጣልባት የምታረግዝ,ወንድ ቢገናኛት ማርገዟ የማይቀር
ሌባ ሚዛን,አሳንሶ የሚመዝን ሚዛን
እቀልቤ ገባ,ወደድኩት
ነገር አመላላሽ,ነገር የሚያሰፋ
ትምህርት ቀላወጠ,በየቦታው እየዞረ ተማረ
አብራጃ,ንፋስ ያለበት
ለከት የሌለው,መጠን የሌለው
መድሀኒት ቀመሰ,መድሀኒት ዋጠ
ልብሱን ለወጠ,ሌላ ልብስ ገዛ
ኬላ ሰበረ,ወሰን ጣሰ
ወዳጅኔቴን ሰርዣለሁ,አቁማለሁ
ሳምልኝ,ሰላምታ አቅርብልኝ
ደም ግባቱ ረገፈ,ውበቱ ጠፋ
ሙሉ ሰው,የ አመት ጎልማሳ
ካርኔ ቆራጭ,የመንግስት ገንዘብ ሰብሳቢ
አባቃ አብቃቃ,እንዲዳረስ አደረገ
ምን አለብኝ,ማን ይነካኛል
የወፍ ቋንቋ,ሲሰሙት የማይገባ ቋንቋ
ሆዱን ቆረጠው,እጅግ አሳዘነው
ሆድና ጀርባ,ፈፅሞ አለመግባባት
የሰው አገር,የባእድ አገር
ምስክር ቆጠረ,እማኝ አበጀ
ግብር ተከለ,ግብር አወጀ
ቆቡን ጣለ,አለማዊ ሆነ
ሆዳም,ብዙ የሚበላ
ሙት ለሙት ያለቅሳል,ቢደጋገምም እርባን የሌለው
ወንጀል ሰራ,ህግ ያላከበረ
ቆሽት አንድድ,ልግመኛ አባያ
ለነበር ነበር,ለወሬ ወሬ
ልቡ በደስታ ሰከረ,ከልክ በላይ ተደሰተ
መቀነትሽን አጥባቂ,ሀዘኑን ቻይው
አቃለጠ,ወሬ አዳመቀ
የተተፋው ሳይደርቅ,ፋታ ሳይሰጥ
መሬት ቁና ሆነ,መጨነቅና መጠበብ ሆነ
ቢሆን ባይሆን,የፈለገው ቢደረግ
የዛር በቅሎ,የምትቸኩል
ምድር መሸበት,ጨለመበት ግራ ገባው
ቁመተ ስጋ,ምድራዊ ሰውነት
ንድፍ የመሰለ እንጀራ,በጣም ነጭ
ዳንኪራ መታ,ጨፈረ
ንክ,እብድ
ተልባ መታ,ተልባውን በውሀ በጠበጠ
ራሱን ሳመ,አደራህን ይህን ነገር አድርግልኝ አለው
ፊደል ቆጠረ,ፊደል መምህር ጀመረ
ሰው አደረገው,ራሱን አስቻለው
መከራ ቀመሰ,ችግር ገጠመው
በጎ ሆነ,ዳነ
ትቶት ሂዷል,ጥእም የለውም
ጫት ቃመ,ጫት አኘከ
መዝጊያ ቆረቆረ,መዝጊያ አንኳኳ
በመላ ሄደ,በዳበሳ
መቸውንም,ሁልጊዜም ምንጊዜም
ልጓም ጣሰ,አልታዘዝ አለ
በምንም ምክንያት,ከተቻለ
ብልቱን ያመዋል,አባላዘሩን
ግብር ነቀለ,ግብር አነሳ
የቀለም ቀንድ,አዋቂ
ሆኖም አያውቅ,ተሞክሮም አያውቅ
አንጀቱ ተበጠሰ,ተቀየመ
ንዳድ,ወባ
ስመ ጥቁ,ዝነኛ
ሽንት,ልጅ
ልብ አለ,አስታወሰ ተገነዘበ
ለብ አለው,ትንሽ ሰከረ
አላሰ,ማር ጨመረ
በቁሙ ተመለሰ,ቶሎ ተመለሰ
ማተቡን በጠሰ,ሀይማኖቱን ካደ
ላባ ቀረሽ,እብድ
የቆመ,የቆዬ
ቤት መታ,ግጥም ገጠመ
ቂጡ ቄጤማ ቆረጠ,ተደሰተ
ሰማይ ለሰማይ,በአየር ላይ
ቆነደደ,ቀጣ
ተራ በተራ,ለዬብቻ
ብርድ ብርድ አለው,ፈራ
በሽታዬን አውቀህልኛል,ችግሬን ተረድተህልኛል
ቆዳ,ሞኝ
አበሰለ አበሰለች,ለፈቃደ ስጋ አባበላት
ለነገር ተሰለፈ,ለሙግት ለከርክር አቆበቆበ
በሀይል ተመነጠቀ,ተስፈንጥሮ ሄደ
ቀፈቀፈ,ወለደ
አባዛች,አሚተኛ
አፍንጫውን ነፋ,አኮረፈ
እጅ መንሻ,መታያ
የሰይጣን ቁራጭ,ጭራሽ ክፉ ሰው
ምን ገደደኝ,ምን ቸገረኝ
ቃርሚያው አያሳይም,ያሁኑ ውበትሽ የድሮውን አያመለክትም
በሽታው ተነሳ,አመመው
ቆጠረበት,አየበት
መሸኛ ደብዳቤ,ዋና ደብዳቤ
ብሽ አለው,አቅለሸለሸው
መነሻ,ምክንያት
ሽብሽብ አደረገ,መላልሶ ጠለፈ
ስንኳን,አይሆንም
አይጥ አበላ,ግብ አገባ
ሬሳውን ወንዝ ተፋው,አውጥቶ ጣለው
መስክ ለመስክ,ሜዳ ለሜዳ
ሴተ ቋንቋ,ገር ቋንቋ
ቁመት አለብኝ,የቤተክርስቲያን አገልግሎት አለብኝ
ገንዘብ ቀረጠኝ,ገንዘብ ሰረቀኝ
ቀልቡ ወደደው,ልቡ ፈለገው
ማተብ በጣሽ,ከሀዲ
እርጥብ ልጅ,አራስ ጨቅላ
ቀርጠ ቀላል,ቀትረ ቀላል
ሆነልኝ,የምፈልገው ነገር ተሳካ
የረጋ ወጣት,ያልተቻኮለ
በብናኝ ገደሉት,በመድሀኒት
ቁርባን,ለሙት ድግስ
ተሞካከረ,ተፈታተነ
ዜማው ሰበረ,የዜማው ስልት ጠፋ
ፈሱን ቀደደ,ፈሱን ፈሳ
ጉሮሮው ላይ ተናነቀው,አልዋጥ አለው
እንደ ዋለ ቀረ,መና ሆነ
ተተክሎ ዋለ,ሳይንቀሳቀስ አንድ ቦታ ቆዬ
አንጀቱን በላው,አሳዘነው
ጨዋታውን ነካው,አብዝቶ ተጫወተ
አፉን አሙሸ,ቁርሱን በላ
ቂጥኝ ነካው,ተላለፈበት
ርሀብ ሞረደው,አጥብቆ ራበው
ኮከብ ቆጠረ,ጠነቆለ
ነው ብለህ,ነው እንዴ
በነገር ነካካው,ቀስ አድርጎ ሰደበው
አንገቱን ነቀነቀ,እምቢ አለ
ቂጡን አሳየ,አሳየ ገመናውን ገለጠ
እባብ ነደፈው,ነከሰው
ቸር እግዚአብሄር ሄደ,ሞተ
መሰራረቅ,ተደባብቆ መተያየት
ክፉ ቀን,የችግር ጊዜ
ልቡና ይስጥህ,አእምሮ ግዛ ጨዋ ሁን
ሙሉ ልጃገረድ,የ አመት ቆንጆ
መታ ያለ,አጠር ብሎ በመጠኑ የወፈረ
በእምብርክ አስኬደው,ሰጥ ለጥ አደረገው
የበሰለ ቅቤ,የቆዬ ቅቤ
እባጩ በሰለ,ሊፈርጥ ተቃረበ
ልቡን ማረከው,አስደሰተው ወደደው
የሆድ,ምስጢር
በለስ አገኘ,ገደለ አደነ
ስለበለስ,እንዲቀናህ ተዘከረኝ
ተሸከመ,ፈዳ
ስጋ ሆነ,ሰው ሆነ
ሸርካታ,ውሸታም
ቆዳውን አስወደደ,ራሱን ከፍ ከፍ አደረገ
ልቡ ተነካ,አዘነ
ሽንተ መልካም,ጥሩ ዘር ያለው
በሶ አበሰበሰ,በውሀ አገናኘ
መሀል ሰፋሪ,ከማንኛውም ወገን ያልሆነ
ከነመረቁ አቃመው,ከነጭሱ
ሆዱን በረበረው,ሆዱን አመመው
ቁስሉ ሰፋ,ቁስሉ በጣም እያመመው ሄደ
ሆኖለታል,ቀንቶታል ጎበዝ ሁኗል
ቁልፍ ቦታ,መሪ ቦታ
ተርታ ነገር,ቁም ነገር ያልሆነ ጉዳይ
ዘር መምህር,ዘር ጨራሽ
አፉን ያሞጠሙጣል,ይቅለበለባል
ተናዳፊ,በአንደበቱ ሰውን የሚያስቀይም
አፈ ሙዝ,የተመንጃ አፍ
ቆላና ደጋ ረገጠ,ዘሎ አበደ
ቆነጠጠ,አልቻል አለ
ክብር ነካ,አዋረደ
ባዘቶ ገላ,አካለ ለስላሳ
ዘጠኝ ወር ተሸከመች,አረገዘች
ረሀብ በረበረኝ,ክፉኛ ራበኝ
ልቡን አወለቀ,እጅግ ለፋ ግን አልተሳካላትም
በሽታው የወጣለት,የተጠናቀቀ
ተከሻህን አትሽ,አታወላውል
አለልክ,ያለወሰን
በጨጉራህ ይቆረባል,አይቀጡ ቅጣት ትቀጣለህ
መሰንቆ መታ,ከረከረ ተጫወተ
ጠበል አስመታ,በውሀ አስጠመቀ
መስገርት,አመንዝራ ሴት
ትኩስ ትኩሱን,ወዲያው ወዲያው
በላብ ሰጠመ,ክፉኛ አላበው
እድሜው ቀጠለ,ረጅም እድሜ እንዲኖረው ሆነ
አይኑ ሰረቀ,የማያይ መስሎ አዬ
ለችግር,ለባሰ ጊዜ
ነቀል ተከል,ዘላን
እግዚአብሄር እስኪነቃ ቢኬድ,የትም ቢኬድ
ልበ ትልቅ,ሀሳበ ረጅም
ቀና ቀናውን,ጥሩ ጥሩውን
አልተኋኋንም,አልተስማማንም
አውራ ምስክር,ዋና ምስክር
ቆሌቢስ,ሲያዩት ደስ ማይል
ተቋጠረ,የዘር ግንዱን ተናገረ
ትብትብ ነገር,የማይፈታ ነገር
ስጋ ወደሙ,ቁርባን
ጠብ በቀለ,ጠብ ተነሳ
ውሀ ሽንት,ሰገራ ያልሆነ
በሆነ ባልሆነ,በየምክንያቱ
ለይስሙላ,ለማስመሰል
በዋጋ ተራራቁ,አልተስማሙም
ውሽቱን ቀደደው,ሳያፍር አብዝቶ ዋሸ
ልበ ሞቃት,የነቃ
በነገር ተሸረከተ,ውሸቱን ሳያፍር ለቀቀው
ነጣላዋን በተነች,ተንቧለለች
ፍርድ ቀጠነ,ፍርድ ጎደለ
በር ለበር,አጠገብ ለአጠገብ
ብድር መላሽ,ውለታ የማይረሳ
በነገር ነካው,በምሳሌ ሰደበው
ፀጋ ልበስ,በረከቱን ይስጥህ
ከሞት ተፋው,አዳነው
ለጋ ጎበዝ,ገና ልጅ
አረግ መዘዘ,ዘር ቆጠረ
ልቡ ተረጋጋ,ተፅናና
አይኑን ተከለ,ትክ ብሎ አዬ
ጓያ ሰበረው,ተሽምደመደ
አንቅሮ ተፋው,ፈፅሞ ጣለው
ቀረቦ,ሞኝ ሰው
ልብ የማይገባ,ውሽልሽል
ምርዝ አደረገ,ጠላ
መሬት ይቅለለው,መቃብር አይክበደው
ሁለተኛ ተሰራ,በጠና ታሞ ዳነ
ቀን ጎደለበት,መከራ አገኘው
ሳለ አይሰጥ,የጀርባ አጥንት
ርባነ ቢስ,ፋይዳ የሌሽ
አርሶ ዘነበ,አጥግቦ ጣለ
ብረት ነው,ጠንካራ ነው
ሚስቱን ለቀቀ,ሚስቱን ፈታ
ኬላ ሰበር,ቀረጥ ያልተከፈለበት የውጭ ሀገር ሸቀጥ
ሌባ ውጋት,ድንገተኛ የውጋት ህመም
ቀጠፈ,ዋሸ
ሰንካላ,መራመድ የሚያቅተው
ህቅ አለ,ሞተ
ልቡን ሰወረው,እንደ ማበድ አደረገው
በለስ ጣለ,ግዳይ ጣለ
ልጦ ጎርዶ አወጣ,ፈትጎ አበጥሮ
ሆዱን ቆለፈ,ምስጢር አላወጣ አለ
ደጀ ብርሀን,ቤተልሄም የሚስጢር ቤት
ቋሚ,በህይወት ያለ ሰው
ቀትረ ቀላል,የሚቸኩል ሰው
ቁም ነገራም,ታማኝ
ክፉ ስም ቀባ,ክፉ ስም ሰጠ አዋረደ
ስራ ያዘ,ስራ ገባ
ደህና ሁን,ደህና ሰንብት
ህገ ወጥ,ባለጌ
ሰማይ ቆጡ,በጣም ረጅም
ቤት ያፈራው,እቤት የሚገኝ ምግብና መጠጥ
አእምሮው ተመለሰ,ልቡ ገባ ተረጋጋ
ብን ያርግህ,ያጥፋህ
ዉሀ ሙላት,ጎርፍ
ሌላ ነው,በጣም ጥሩ ነው
ልቡ ገባ,አእምሮው ተመለሰ ወደደ 
ውቃቢ የቀረበው,ውቃቤ የታረቀው
ረባ,ተስፋ ያለው ሆነ
ሰውነቴ በረዶ ሆነ,ሰውነቴ በጣም ቀዘቀዘ
ሰውንቴ ረገፈ,በጣም ደከመኝ
ርባ ስባ,ውለድ
አሯሯጠው,አጣደፈው
ልቡ ቀረ,ሀሳብ ያዘው
ቆላ ደጋ ረገጠ,የሚያደርገውን አጣ
ገንዘቡን በተነ,በከንቱ አጠፋ
ስድ,ባለጌ
ጥይቱን አርከፈከፈበት,በብዛት ተኮሰበት
ቋቅ አለው,አንገፈገፈው ሰለቸው
ቆሰቆሰ,አነደደ
በዱላ ቀለጠ,ተደበደበ
ቅኝ ግዛት,በጦር የተያዘ አገር
የንክኪት በሽታ,ተላላፊ በሽታ
ስር ነቀል,የጥገና ያልሆነ ለውጥ
መልከ ጥፉ,ፉንጋ
ተጫጫነኝ,ህመሙ በረታብኝ
ሀይ ሀይ አለ,አጣደፈ
መለስ ቀለስ አለ,ተመላለሰ
ልብ ነሳው,አሳበደው
አሳከረ,አማታ
ረሳ,ሳተ
አራጠበ,ምጥ ጀመረ
ፊቱ በራ,ፈገግ አለ
ልበ ብር,ብሩህ አእምሮ ያለው
ሾላካ,ውሸታም
በገ ፈጅ,አንድ በግ ሙሉ የሚቀቅል ድስት
አይኑ ተሸነፈ,ማየት አቃተው
ትምህርቱን ቀጠለ,ትምህርቱን አጠና
አመስጋኝ አማሳኝ,አቆላማጭ
መርዞ ያዘ,አምርሮ ጠላ
ሰማንያዋ ወረደ,ከባሏ ተፋታች
አመልህን ሰብስብ,ጨዋ ሁን
ቁም ስቃይ,የስጋ መከራ
ችፍ ችፍ አለ,መጨቃጨቅ ጀመረ
የሽና,የበሰበሰ
የቅርብ ሩቅ,በአይን ሲያይዩት ቅርብ የሚመስል
አኳኋን,ያለበት ሁኔታ
አይቻልም,አይሆንም አይደረግም
ሙሬ አፍ,አኩራፊ
አይቀጡ ቅጣት ቀጣ,አጉል ቅጣት
ርስ በርሱ,ድር ማጉን የቤት
በጦር ማገረበት,በሀይል ወጋው ገደገደበት 
አለሟን ቀነጠሰች,እድሜውዋን ዘና አለች
የስሚ ስሚ,የወሬ ወሬ
መስቀለኛ ጥያቄ,ግራ ሚያጋባ
አታረግርግብኝ,አትኩራራብኝ
አላስተረፈኝም,እጅግ በጣም ጎድቶኛል
በዱላ ቀጠቀጠው,በብርቱ ደበደበው
በዱላ አላሻቀው,በጣም አድርጎ መታው
ሰውንቴ ተሟገተብኝ,በጉዳዩ ጥርጣሬ አደረብኝ
ሀጢያታቸውን ተቋጠራቸው,ያዛቸው
ማልዶ ማልዶ,ዘወትር
አያላውስም,አያዝናናም
አፍንጫውን በስቶ ያዘው,አንድ ነገር እንዲያደርግ አስጨነቀው
ሰማይ ነካ,ረጅም ሆነ
መልከ መልካም,ያማረ የተዋበ
የሞተ ሞተ,የተለዬ አይመለስም
ባላንጣ,ተወዳዳሪ ጠላት
ቋቱ ጠብ አላለም,አልተሳካም
ባዶ ለባዶ,ያለምንም ግብ
ቅኔ ተመራ,ቅኔ አዜመ
ራሱን ነቀነቀ,አልመስማማቱን ገለፀ
ተርታ ሰው,ተራ ሰው
ምላሱ ተባ,ተናጋሪ ሆነ
ጀርባውን መነጠረው,አጠንክሮ ገረፈው
ሳር ቅጠሉ ሁሉ,ሰው ሁሉ
ሙት አማጣኝ,የሞተን የሚገዝት
ወንደ ላጤ,ያላገባ
ብቻ ለብቻ,አንድ ላንድ
ገዢው በህዝብ ላይ ሰነፈጠ,አገዛዙ በረታ
ፍቅር አሟጠጠ,ፍቅር ወሰኑን አለፈ
ቅኔ ነጋሪ,ቅኔ አስተማሪ
ስንደዶ ቀጨ,ስንደዶ ነቀለ
ቀለም ገባው,ትምርቱን ተማረ
ብድግ ያህል,ትልቅ አንዳች
በመላ ተናገረ,ሳያውቅ ሳይረዳ አወራ
እግዚአብሄር ቅጥል አለ,በጣም ተናደደ
ከስልጣኑ ስር አንበረከከው,ጥሩ ሁኖ እንዲታዘዝ አደረገው
በእርሳስ ነደፈ,ስእል ሳለ
ለይቶ አየ,ነጥሎ አዬ
የሴት አለሌ,ረባሽ ሴት
ነገር ቀመመ,አሳመረ
ሹመት አይደነግጥ,ስልጣን እንዳጣህ አትኑር
ሿ አለ,ፈሰሰ
ሰይጣናም,ንዴታም ግልፍተኛ
የነቃ የበቃ,ፃድቅ
ሙልጭ አለ,ሹልክ አለ
አይሆነኝም,አይስማማኝም
ተወኝ,አትጨቅጭቀኝ
ልበ ከንቱ,ምኞተ ርካሽ
ህሊና ቢስ,ለሰው አለማሰብ
ነገር ማብቃቃት,ትንሹን ትልቅ ማድረግ
ባንድ አይቅር,በነቂስ
ለዛ ሙጥጤ,ምኑም ማይመች
ልበ ክፍት,ብሩህ አእምሮ ያለው
ሞት ሞት ሸተተው መሰለኝ,አንቀዥቅዦታል
ከልቡ አገለገለ,ሳይለግም
ቅጡም የምንኩስና ነው,እንዲህ አርጎም የለ
ሰውዬው በረደ,ከልጅነት ወደ አዋቂነት ተሻገረ
እንደሁናቴዬ,እንደ ተፈጥሮዬ
ብልት አወጣ,ስጋ አወራረደ
የተቋጥሮ ዝምድና,የሩቅ ዝምድና
አሞላ,ድልድል ሆነ
እሺ በጎ,ማመንታት
ልበ ቆራጥ,ደፋር
ራሱን አወቀ,አእምሮው ተመለሰ
የቁጥቁጥ ኑሮ,የቁጥብ ኑሮ
ምንኛ ጠግበሀል,እንዴት ተኩራራህ
ቤት ይቁጠረው,በጦርነት የሞተው ሰው እጅግ ብዙ ነው
አንጀቴ ቁልፍ አለ,ምግብ አልበላኝ አለ
አሳሩን ቆጠረ,ተጨነቀ
ራሱን ቻለ,ከጥገኝነት ወጣ
መላ ቅጡ,ዝብርቅርቁ
ሆዱ ሻከረ,ቅሬታ ገባው
ነት ይንካው,ይዋል ይደር
ምን ምድር ተፋህ,ከዬት ከቸች አልክ
ክሶ ያዘ,ፈፅሞ ጠላ
ርግጡን ንገረው,እውነተኛውን
እንባው ረጨበት,በጣም አዘነበት
የቀለም ቀንድ,ሊቅ አዋቂ ተመራማሪ
ልብ አቁስል,አናዳጅ መናጢ
ትኩሳታም,በሽታ የማይለየው
አይነስረውም,ንፉግ ነው
ልብ አብግን,አናዳጅ
ሳር እግዚአብሄር,ቀጭን እግዚአብሄር
በዱላ ለወሰው,እስኪበቃው ደበደበው
ልቅ,ያልተቀጣ እንደ ልቡ የሚናገር
ቃሪያ,ያልበሰለ
አናካሽ,ነገር ሰሪ
ቡዳ በላው,አሳመመው
ሰጥ ለጥ ብሎ ተገዛ,ሳያንገራግር ተገዛ ያለተቃውሞ
በሊታ,ብዙ የሚበላ
የንነገር ቋት,ወሬኛ
ሾላ በድፍን,ያልተገለጠ ነገር
ሰምና ፈትል,ፍፁም ህብረት
ምን ታዲየ,ግድ የለም
ነገር ቀረቀረብኝ,ሀሳብ እንዲገባኝ አደረገ
ሹል ቂጥ,አርፎ የማይቀመጥ
በረክ በረክ አለ,ፈራ
ቀንበር ሰበረ,ህግ አፈረሰ
ቁጣው በረደ,አቆመ
አንጀቱ ቆረጠ,ወሰነ
ውጋት ሸከሸከው,ውጋት አመመው
እስኪነስረው ነገረው,እስኪያንገሸግሸው ነገረው
እንባው ረገፈ,አለቀሰ
ረጨ,አባከነ
ረድኤታም ሴት,የሰራችው የሚበረክት
ስራ ማይዝ,ማይረባ
ቤት በመለስ,ቤት ውስጥ ያለ ሁሉ
የብረት ልጥ,ጠንካራ ክንድ
እንዳልሆነ ሆነ,ተበላሸ ተዋረደ
አትልከፈኝ,በነገር አትነካካኝ
ልበ ሙት,ሰነፍ ደካማ
ቁርጥ ነገር,የመጨረሻ ውሳኔ
ልበ ተራራ,ለስራም ለነገርም ፈጣን ነው
አቋቁሚኝ,ለክርስትናው አብረሽኝ ሁኚ
ትምህርት ቃረመ,በመጠኑ ተማረ
በቀደምለት,ባለፈው ሳምንት ባንዱ ቀን
ጉራውን ነዛ,ትምክህቱን ገለፀ
መነሾ,ምክንያት
የሰው አይን ሆነበት,አገረሸበት
ለሰሚ ግራ ነገር,ደስ የማያሰኝ ነገር
እሳት የላሰው,ብልጣብልጥ
ቀሚሷን በተነች,የተኮማተረውን ዘረጋጋች
ትከሻ ወረደው,ትከሻውን አመመው
ምን አባቴ ልሁን,ምን ይበጀኝ
ቅድ አፍ,ወረኛ
ሀይማኖቱን ለወጠ,ሀይማኖቱን ካደ
አፈር ይብላኝ,አዝናለሁ
ረሀብ ሸነቆጠው,ክፉኛ ራበው
ቤቱን አሸነፈ,ራሱን ቻለ
እግረ ርጥብ,እድል ይዞ የሚመጣ
ለካከፈ,ትንሽ በላ
ሰመር ገጠመ,አንቆ ያዘ
ስንዝር መሬት,ትንሽ መሬት
ትዳሩ ሞቀ,ሀብታም ሆነ
ቅልጥጥ ቅብጥጥ አለ,ዝንጀሮ አየ
ርካሽ ቦታ,አልባሌ ሰፈር
ቀስቱን ለጠጠ,ቀስቱን ወጠረ
ከልቡ ወደደ,ካንጀቱ ወደደ
ቀፎው የቀረ,ተበልቶ ያለቀ
ሆደ ባሻ,በቶሎ የሚቀየም
ባጣ ቆዬኝ,ትንሽ ደሳሳ ጎጆ
ብርክ ያዘው,ፈራ
ነቀነቀው,ሰውነቱን ሰበቀ
መስክረም ሲጠባ,መስከረም ሲገባ
አትነፋ,አታኩርፍ
ነገር አረገዘ,ቂም ያዘ
ሲቀር ይቀራል,እንዳልነበር ይሆናል
ሰነፍ ምርት,ከገለባው ያልተላቀቀ ምርት
በር ከፋች,ቁልፍ ያዥ
ልቤን አልነካኝም,ስሜት አልሰጠኝም
መኸሩ ሳተ,አዝመራው ሳይሰጥ ቀረ
አንገቱን ረገጠው,ጨቁኖ ያዘው
ቁጥቁጥ አደረገ,ልብን ከነከነ
አስብቶ አራጅ,ሰውን እያታለለ የሚጎዳ
ማድ ረጋጭ,ገበታ ሳይነሳ የሚሄድ ባለጌ
ብረት ለበስ,በለስላሳ መጠጥ የተደባለቀ ጠንካራ መጠጥ
አንጀቱ ተቃጠለ,እግዚአብሄር ትክን አለ
ሆዱ ተቋረጠ,አልርበው አለ
የእንዝርት ቂጥ,ቂጡ አርፎ የማይቀመጥ
ወሬ አነሳ,መጫወት ጀመረ
ተቋረጠ,ስራ ሊሰራ ተስማማ
ግብረ ስጋ,ፈቃደ ዝጋ
ሀሳብ ሰነዘረ,ሀሳብ አቀረበ
ቆቡን ቀደደ,ምንኩስናውን አፈረሰ
ታጥቆ ተነሳ,ተዘጋጀ
ስጋማ,ወፍራም
በጦር ሸከሸከው,ደጋግሞ ወጋው
ለአለቃ ይሾራል,እየተንቀጠቀጠ ይታዘዛል
ለልጁ ሳሳ,ጉዳት ይደርስበት ይሆን ብሎ አሰበ
እንደየቤቱ,እንዳቅሙ
ቅዝዝ አለው,ቅፍፍ አለው
ራሰ ዘናና,ጭንቅላታም
ቃሪያ ጥፊ,ሀይለኛ ጥፊ
ላስ አደረገው,እሳት ፈፅሞ አቃጠለው
እስክስታውን ነካው,ጨፈረ
አንቃር መታው,አስታወከው
ይቅር ላንተ,ላንተ ብየ ትቸዋለሁ
ገንዘብ ቋጠረ,ገንዘብ አከማቸ
ለሹመት በቃ,ስልጣን ላይ ወጣ
አስነወረ,ልጃገረድ ደፈረ
ንሽ,ዝናብ ዘንቦ ሲያባራ
ስንዝሮ,አጭር
መስክ አልፋ,ስራ ፈት ስራ የማይሰራ
ረገብ አደረገ,ተወት አደረገ
በነገር ለበለበው,አሰቃየው
ምርግ,ዝምተኛ ሰው
ቀፎ ቆራጭ,ከቀፎ ማር አውጭ
ስንክሳሩ በዛ,ወንጀሉ በዛ
በሽታ ሸመተ,በሽታ ያዘው
ጆሮ ዳባ ለበሰ,ሰምቶ ያልሰማ መሰለ
እዚህ ሁን,እዚህ ተቀመጥ
ቀንዱን አሳየ,ማን ይነካኛል
ድል ነሳ,አሸነፈ
በቀኝ ጎን ተነሳ,መልካም አጀማመር ነበረው
ሞቅ አለው,በመጠኑ ሰከረ
ሆዱ ቆረጠ,ጨከነ
በዱላ አነከተው,በዱላ መታው
አንጀቴን አርሰኝ,ተበቀልልኝ
ጎጆ ቀለሰ,ቤት ሰራ
ለእውቀት በቃ,ተማረ
ነገር ሸረበ,በሰው ላይ አሳበቀ
ገንዘቡን ነዛ,ገንዘቡን አባከነ
ነቃሽ,ምስክር
አረጋግጦ መሰከረ,ቁልጭ አድርጎ በሚገባ መሰከረ
ባዶ ባዶ,የታማ የታማ
ሴራ ቆረጠ,አድማ አደረገ
ስጋ ለስጋ,አጥንት ሳይነካ
ሻ አለው,ልቡ ሊከዳው ፈለገ
ጉዳዩን አታርቀው,አታክብደው
ጨዋታው ቀለጠ,ተፋፋመ
ቅጥብ,እለተ ሞት
ስራተ ቢስ,ህገ ወጥ
ለበሽታዬ ያህል,ላምሮቴ ያህል
ዋጋ አሳበረ,ዋጋ አዋረደ
ቃል በቃል,በቀጥታ
ቆማ ቀር,ሳታገባ የቀረች
ቀጥኜ ቢያዩኝ,እንዳልሆን ሁኔ
ድንቄም ሰለጠነች,እንዲህ ያለ እውቀት የለ
አእምሮው ተበርዟል,ክፉ አሳቢ ሁኗል
ሱሪ ባንገት ማውለቅ,የማይቻል ነገር ማድረግ
ሰማንያ ከነዳ,የተከሰሰን ለማቅረብ ውል ገባ
ሴራ ሆነ,አገሩ ረጋ
ልጁን ተቆጣው,ምከረው
በራፍ,ደጅ
በጥይት ቆጠረበት,ደጋግሞ በጥይት መታው
መሬት አሟሸ,ሰው ባልተቀበረበት ቦታ ተቀበረ
ሞላጫ ሌባ,አይን ያወጣ ሌባ
የውሻ ቁስል,ቶሎ የሚድን ቁስል
በሰበሰ,ሞልቃቃ ሆነ
ገበያ ቆመ,መገበያየት ተጀመረ
ተረከዘ ሎሚ,ተረከዟ የሚያምር ለሴት ብቻ 
በገና ደረደረ,መታ
ነከርት,በጣም ሞኝ
ቀን ጣለው,ክፉ ጊዜ አጋጠመው
ትጥቅ,የጦር መሳሪያ
ፈሱን ቆረጥ አደረገ,ፈሱን ፈሳ
ወደ ዳገቱ ሲያቀና,ወደ ዳገቱ መንገድ ሲጀምር
ቁርጥ ሆነ,ተረጋገጠ
ቀልቡን አሳጣሁት,ረበሽኩት
የቀበጠ ቤት,ያማረ ቤት
ረሀብ ቀጠቀጠው,ረሀብ ጠናበት
በነገር ሸቀጠ,አታለለ
የሆነው ይሁን,የመጣው ይምጣ
ሰውየው ሳተ,አረጀ
ይቻላል,ይሆናል ይደረጋል
ልበ ቆራጥ,የማያወላውል ደፍር
ሀብቱን ሰነከለበት,እንዳይያድግ አደረገው
ልቡን ሰጠው,ሚስጥር ገለጠለት
ፍቃድ ሞላ,እረፍት ወጣ
የነገር ብልት ያውቃል,አስተዋይና ዘዴኛ ነው
ብር ብሎ ሄደ,ሮጦ ሄደ
ሳብ ረገብ አደረገ,ያዝ ለቀቅ አደረገ
ባርያ ፈንጋይ,የባሪያ ነጋዴ
የሰጠ ነው,የተመቸ ነው
ቃል ገባ,ስምምነት አደረገ
ባላልጋ,ንጉስ
ተኮሰ,በስውር አዬ
የሰው ስም ሰበረ,አጠፋ
ሰአቱ ሞላ,ደረሰ
የፈሲታ ተቆጢታ,የጥፋተኛ ተቆጪ
መላ ጣይ,እንዲህ ሳይሆን አይቀርም ባይ
ከቀፎው እንደወጣ ንብ,እንደ በረገገ ንብ
ቃል ለምድር ለሰማይ አለ,የማይናወጥ ተስፋ ሰጠ
ብትን ስራ,ያልተዋሀደና ያልተቀነባበረ ስራ
ምንጭሩ ድብን አለ,ተናደደ
ሰርግና ምላሽ,ታላቅ ደስታ
ጉዳዩን ሞላ,ፈፀመ
ሁሉ አማረሽ,ያየችውን ሁሉ የምትመኝ
ሂያጅ,አመንዝራ
ሌባ ሚዛን,የሚያጎድል ሚዛን
ልቡን ሰቀለው,ሀሳብ ያዘው
ነበር ባይ,የቀድሞውን እያስታወሰ የሚኖር
የበታች በታች,ማእረጉ በጣም ዝቅ ያለ
ቆሽቱ አረረ,በጣም ተናደደ
ሰንካላ ምክንያት,በቂ ያልሆነ ምክንያት
ቁም ለቁም,የማያስተውል
ፊቱን ቋጠረ,ፊቱን ኮሰተረ
አይኑ አረገዘ,ሊያለቅስ ደረሰ
ራስ ሳይጠና ጉተና,አቅም ሳይፈቅድ
አንጀቱን ቆረጠው,አላስቀምጥ አለቅ
ነቃ ነቃ አለ,ሰውነቱን ጠበቀ
እግሩን ነቀለ,ተራመደ
መቋለፍ,መተሳሰር በግብረ ስጋ ግዜ
ማዶ ማዶ,ቅሌታም
የህልም ሩጫ,ሳይሮጡ የሮጡ የሚመስል
ቢከፍቱ ተልባ,ሲገለጥ ባዶ
የሰይጣን መልእክተኛ,ክፉ ሰው
ብረቱ ሸንቶበታል,ዝጓል
ህቅ ህቅ አደረገው,ሲቃ ያዘው
ቂም በቀል,የበቀል ቂም
ትከሻም,እድላም
ቤተ ሰሪ ኋላ ይመጣል,ያለቀውን ህንፃ ይነቅፋል
እጀ ሴሰኛ,ያገነውን ሁሉ የሚያነሳ
ጉድጓድ ማሰለት,የሚጠፋበትን ፈለገለት
ልቡ ወላወለ,አመነታ
ሆዱ ቃረ,ተቀየመ
የሰማይ ቁጣ,መብረቅ
ቤት የእግዜር ነው,እንግዳ መቀበያ ነው
ቀርቶ ላይቀር,ልቡ ላይቆርጥ
የጦር ምሰሶ,የጦር መሪ
አሰልጥ ባርያ,ከባርያ የተወለደ
መቆያ,መክሰስ
የሰጠ ይታክታል,አይበቃኝ ባይ
ሴራ መታ,አሴረ
ቅዱስ ቅዱስ አለ,አሞካሸ
ጆሮውን ሸመጠጠው,ጋለበ
ባህር ነው,ቸር ነው
ችግሬ,ፈላ ምላጭ
የቤት ልጅ,ዲቃላ
ለጋብቻ የሚቆረጥ,ለሙሽራ የሚቀርብ የጋራ ሀብት
ተብታባ,አንደበቱ ያልቀና
ቃለ ከባድ,ተሰሚነት ያለው
በሱ ቆርበሀል እንዴ,ያለ እሱ እንዳይሆን ታግደሀል ወይ
ጠጉር ሰራ,አሸመ
በትምህርት ሞረደው,በትምህርት በደንብ አስተማረ
የቆንጆ መራራ,ክፉ
ሆዱ ተቆለፈ,አልርበው አለ
ቀልበ ቢስ,ውቃቤ የራቀው
አመሳከረ,አስተያየ
ለራስ ያሉት,ለብቻ ያስቀመጡት
ሰርግና ምላሽ,ትልቅ ደስታ ፈንጠዝያ
በሽታ ለከፈው,ነገር ፈለገው
ሲበሉ የላኩት,ማስተዋል የማይችል
ልበ ጎዶሎ,ሀሳበ ቢስ
ሆዱ ባሰበት,አሸነፈው
ጠፍር በሊታ,ተናዳጅ
ላጤ መላጤ,ፍፁም ደሀ
እግዚአብሄር ሳመ,ተለማመጠ
ስራ ስራውን,የያዘውን ብቻ
ምንህ ነው,በምን ትገናኛላችሁ
በራዦች,ያልሆነ ትምህርት አስተማሪዎች
መላቢስ,ደንጋራ
ዳኛ ረግጦ ሄደ,ፍርድ ቤት ናቀ
መስከረም ሲተኮስ,ሲጠባ
ቆርጦ ቀጥል,ቀጣፊ
ገንዘቤን ላፈኝ,ቀማኝ
ተቃመሰ,ትንሽ ትንሽ ተዳረሰ
አፈር ብላ,ሙት
ቤቱ ተረጋጋ,ፀጥታ ሰፈነ
ማርም አይልስ,ፈፅሞ ጠግቧል
ቀንበር ጫነ,አገዛዝ አጠነከረ
ሰአቱን ሞላ,አስተካከለ
ልበ ቢስ,ዝንጉ
ተምች መታ,ብዙ ሰው ባንድ ግዜ ገደለ
ልብስ ተማሪ,በአለባበሱ የተማረ የሚመስል
ባሌን አሞኘሁት,የቤት ፈትል መሳይ የፈረንጅ አገር ድር
ልቡ አረፈ,ሀሳቡ ሞላለት
ነበዝ አለ,ወየበ ፈዘዘ
እራስ የሌለው,ይሉኝታ ቢስ
ቤት አዛዥ,አሳዳሪ
ሀሳብ ገባው,ሀሳብ ያዘው
ቤት መታ,ስንኙ ገጠመ
ቁርበተ ነክ,ስራ የሌለው ነገር
ጉዳዩን ተኮሰ,አከናወነ
ልቡ ተርፏ አለ,ደነገጠ
ብው ብሎ ሰከረ,በጣም ሰከረ
እሳት መታው,በወግ በሰለ ተንቃቃ
ቅጠል የለሽ,ሲናገር ማያምርበት
ልበ ድንጉጥ,በቶሎ የሚደነግጥ ፈሪ
ሽታው ለወጠ,መጥፎ መሽተት ጀመረ
ቃሪያ ነገር,በደንብ ያልበሰለ
ነከርቴ,ጅላጅል
ቆይ,ወደፊት አሳይሀለሁ
ሌላ ሌላውን,ጥሩ ጥሩውን
የሆነው ይሆናል,ከልኩ አያልፍም
ሰው ለየ,አዳላ
መለስ ቀለስ,መመላለስ
ሆዱን ቦረቦረው,ራበው
ቁም ስቅል አሳዬ,ወይዘሮ ያዘ
ብረት ሰሪ,ቀጥቃጭ አንጥረኛ
ቃጠሎ,በጣም ሞቃት
የሴት መዶሎቻ,ጓዳ
ስር የለሽ,ዘሩ የማይታወቅ ለሰው
መቆራረጥ,መለያየት
ቆሌው ተነስቷል,መቆጣት አምሮታል
ሙክቱ ቀለጠ,እጅግ ሰባ
አፉን አቆመ,ለመናገር ቸኮለ
ቅር ቅር አለው,ውል ውል አለው
አታቀርሽብኝ,ቆሻሻ ነገር አትናገር
ሀዘን ተነባበረበት,እየደጋገመ አጠቃው
ነበርን ባይ,ወገኛ ያለፈውን የሚያጋንን
የበቃ,ፃድቅ
ቀባ,ስም አሳደፈ
ሰው መሆን አይቀርም,መሳሳት አይቀርም
ቁም እግዚአብሄር,ከዚህ አትለፍ የተባለ ሰው
ልቡ ተነሳ,ለመሄድ ተቻኮለ
ልቡ ሞተ,ድፍረት ንቃት አጣ ሰነፈ
ዋጋ ሰቀለ,ከፍ አደረገ
ይቅር ባይ,ታጋሽ
ይቅር አሰኘ,አስታረቀ
አለዘበ,አባባለ አግባባ
ልበ ጡል,እብድ ዝንጉ
ሀሞቱ ፈሰሰ,ሰነፈ
ሴት አውል,ከሴቶች አካባቢ የማይጠፋ
አነሳሽ,ጎትጓች
ሰመር ገባ,ተያዘ ተሸነፈ
ከነገር ሸተት አለ,ራቀ
ራስ የለውም,አያሳብም
ቃሉን ሰጠኝ,ውለታ ገባልኝ
ልቡን ነሳው,አሳበደው
ቀለሙ ተሰበረ,ሲመቱ ቀዘቀዘ
ሆዴ,ፍቅሬ
ጦሩን ነዘረ,ጦሩን ሰበቀ
የተረሳውን ጎን ቀሰቀሰ,አስታወሰ
የግንባር ስጋ,ደፋር
በሬ,እንከፍ
ሽጓጣ,ኮስማና
ቆይ ብቻ,ግዴለም የሚገባህን ታገኛለህ ዛቻ
ራሱን ሰወረ,ባለማታወቅ ኖረ
ጠበቃ አቆመ,ነገሩን ጠበቅ አደረገው
ብቅ ጥልቅ አለ,ወጣ ገባ አለ
ቱግ አለ,ድንገት ተቆጣ
ቤቱ ሰው አያውቀውም,አያበላም አያጠጣም
ቤት የመለሰው,በቤት ውስጥ ያለ ማንኛውም እቃ
ልቡ ራሰ,የፈለገው ስለሆነለት ተደሰተ
አይለመድ,ሁለተኛ አይደገምም
ረጠበ,አገዘ
ሳል ተከለበት,የማይለቅ ሳል ያዘው
በንዴት ተቃጠለ,አምሮ ተቆጣ
መንገድ አሳበረ,አቋረጠ
እንደየሁኔታው,እንደየነገሩ
እንዝርት ቂጥ,ቀዥቃዣ አንድ ቦታ ረግቶ የማይቀመጥ
ገዛ ነዳ,በስልጣኑ ስር አምበረከከ
ነገር ቋጠረ,ቂም ያዘ
መስከረም ነጋ,መስከረም ተጀመረ
ባጭር አስቀረ,ቀሰፈ
መሬቱ ቀና,ለእርሻ ምቹ ሆነ
የበይ ተመልካች,ለመብላት እድል ያልገጠመው
የጨረቃ ቀንድ,ለጋ
ቅጠ መልካም,ሁኔታው ያማረ
እየቀደም,እያደር
ቃሌ ነው,ብያለሁ
ቆሌያም,ሰይጣናም
እየቅል እየቅሉ,ለየብቻ
ቁስሉ ቂም ያዘ,አገረሸ
በረከት አጣ,ቶሎ አለቀ
ልቡ ተሰነጠቀ,ደነገጠ
በዘልማድ,በተለምዶ
ምኑና ምኑ ተይዞ,እንዴት ሊሳካ
እሳቱ ብው አደረገው,አቃጥሎ ጨረሰው
ሰውዬው ቡዳ ነው,የማያውቀው ነገር የለም
ልብ አቁስል,ጨቅጫቃ ነዝናዛ
በሬ ወለደ,የውሸት ውሸት
አመሳቅሎ ለበሰ,አደገደገ
ቁቲት በጣሽ,ሸማኔ
ትከሻ ሰጠ,ተኩራራ
በሹመት ነበበ,የበላይነት ተሾመ
ታቦት ተከለ,ቤተክርስትያን ሰራ
ብትን ንባብ,ጥሩ ንባብ
በቃልሉ ፀና,በተስማማበት ረጋ
ስመኛ,ሰበበኛ
ጥርሰ በረዶ,በጣም ነጭ ጥርስ ያለው
የሰማንያ ሚስት,የህግ ሚስት
የፊቱን ጦር ቀመሰ,በፊት ገጠመ
ራሱ ጠና,ነብስ አወቀ
ቆርጦ ቀጥል,አስመስሎ ተናጋሪ
ቃልዎ ይድረሰኝ አለ,ተገዘተ
ሹም ሽር,ስልጣን
የቃል ፅህፈት,በቃል እየተነገረ የሚፃፍ
አሟልቶ ሰጠው,ደላው
ደግ ቀን,የጥጋብ ጊዜ
የነገር ሰረገላ,ስውርና ድብቅ
ለዛ ሙጥጤ,ጣመ ቢስ
መሬት አስላሰ,አዋረደ
መምህር አልሰጠም,አዝመራ አላማረም
ዘንዶ ማገር,ወጋግራውን የሰበሰበውን ባላ የሚሸከም
የወሰደውን ገንዘብ ተፋው,መለሰ
ቆቻ ዋለ,ከሁለት ጎበዝ ተወዳደረ
ከንፈሩን ሚን ሚን አደረገ,እንደመሳቅ አለ
ብርድ ቆነደደው,አብዝቶ በረደው
ብላ ባለኝ,ምነው በተሳካ
የቤት ውልድ,እጌታው ቤት የተወለደ አገልጋይ
ቀልብ ገዛ,አስተዋይ ሆነ
መላ መታ,ዘዴ ያለበት ሀሳብ አቀረበ
በጉ,ሞኝ
ቀፈፈ,ለመነ
ቋቱ ጠብ አለ,ጥቂት ጥቂት ተገኘ
ስልጣኑ ተያዘ,እንዳይቀድስ ተከለከለ
በቁርጥ አደር,በታወቀ ጥቅም
ትከሻ ሰጠ,በንቀት አይን ተመለከተ
ብርክ ብርክ አለው,ፍራት ፍራት አለው
ለፍቶ መና,ትርፍ የለሽ ድካም
ሲጥ አደረገው,አፍኖ ገደለው
በሳቅ ተተረተረ,በጣም ሳቀ
ሴተ ላጤ,ያላገባች
ራስ ራሱን,ዋና ውናውን
ልበ ቀላል,ትእግስት አልባ ችኩል
ፊቱ መጠጠ,ፊቱ ከሳ
ከቁንጫ ሌጦ ማውጣት,ጥቃቅን ሳንካ በሰው ላይ ማውጣት
መቼ ጠፋኝ,አውቀዋለሁ
ልቡን ሰለበው,ወፈፍ አደረገው
ብድር ከፋይ,ውለታ መላሽ
ብቅሉ አናቱ ላይ ወጣ,ሰከረ
የት ሁነህ ነው,የት ነበርክ
ሀብተ ሰባራ,ምን ቢደክም የማይሆንለት
ሞት ይርሳኝ,መዘንጋት አልነበረብኝም
ነቃላ,የሚቸኩል ሰው
ቁም ስቅል አሳየ,ረበሸ
የሩቅ ዘመድ,ቶሎ የማይደርስ
ቅንብቻ ሆድ,ሆዱ ጉዝር ሰው
ባለቅልጥም,በጉልበቱ የሚኖር ጉልበተኛ
ያይን ቆብ,ቅንድብ
ልብሱ ተቀበለው,ልብሱ አማረበት
ሸለተ,አታለለ
አስመታ,አሰረረ
ቀጠንጠን አድርጎታል,ተቅማጥ ያዘው
ሰውየው ተጣብቶኛል,ቂሙን አልረሳ ብሎኛል
የሰይጣን ፈረስ,ያለክፉ ሌላ ነገር የማያውቅ
ልጓም አጥባቂ,ፈሪ
ጥርሱን ነከሰ,ዛተ
የቂጥ ማረፊያ,ትንሽ የራስ መሬት
ልበ ጥሩ,ተንኮል የሌለበት
ውሸቱን ሸመጠጠው,እውነቱን ትቶ ሀሰት ብቻ ተናገረ
ቅል ኪዳን ተጋባ,ተስማሙ
አዛዩን ነካሽ,የሚረዳውን ጎጂ
የሰው ሰው,ዘመድ ወገን ያልሆነ
ካሳ ሰራ,ይህን ያህል ትከፍላለህ አለ
ከማን አንሼ,ተግደርዳሪ
የስጋ ዘመድ,ተወላጅ
ቀባ ቆራጭ,ከገደል ላይ ማር አውጭ
ህግ ተላለፈ,ወንጀል ሰራ
በረዶ መታው,በረዶ አረገፈው
ትክል ድንጋይ,የማይንቀሳቀስ
ራስ ምታት,ራስ ህመም
ለበቃ ለባቃ,ጥንካሬ የሌለው
ሙርጥ አወጣ,ሸክላው ተሰነጠቀ
እጅ ቃጣ,እጅ ሰነዘረ
ሰኔና ሰኞ,ደንገተኛ አጋጣሚ
በመጠጥ ተራጨ,እንደልቡ ጠጣ
ቃርያው በሰለ,ለመበላት ደረሰ
ቁልፍ ሰው,ዋና ሰው
ልበ ቀን,ትሁት ደግ
መፅሀፉን ቀዳ,መፅሀፍ ገለበጠ
እንባ ተናነቀው,ሊያለቅስ ቃጣው
ብርክርክ አለ,አቅም አነሰው
ቦርቦር አለ,በገርነት በየዋህነት ተናገረ
ዱላ ቀረሽ,የዱላ ያህል የሚገመት
ሻ አለ,ፈለገ
ቁስሉን ነካው,በጣም የሚሰማውን ነገር አነሳበት
ባለሱሪ,ወንድ ኮምጣጣ ቆፍጣና
ልቡ ቀና,ጥሩ ሆነ
ውሀ ያነሳል,ብዙ ውሀ ይፈልጋል
የእቡይ ሞረድ,ትእቢተኛን የሚያስተካክል
አነባብሮ,ወፍራም ድርብርብ ያልቦካ አፍለኛ እንጀራ
ባርያ ጣለው,የሚጥል በሽታ
አንገቱን ሰበረ,አዘነ
ቆራጭ ፈላጭ,እንደ ፈቀደው አድራጊ
ላክ አደረገ,በፍጥነት በላ
ሰነፍ ቆሎ,የገብስ አይነት ቆሎ
የልመና እህል,ኮስማና
በጥፊ ለጠፈበት,በጥፊ መታው
አልጋ ነቀነቀ,ንጉሱን ለማውረድ ሞከረ
ነቅ ገብቷል,ቅያሜ ገብቷል
ልሳኑ ተዘጋ,መናገር አቃተው
ሰይጣን ይዞታል,ሁልጊዜ የሚሰራው የተንኮል ስራ ነው
በር በሩን አዬ,አሁን አሁን ይመጣል ብሎ በጉጉት ተጠባባቀ
ርስት ተከለ,ርስት ሰጠ
የቤተሰብ ባላ,አውራ
ብጣሻም,አጉል አኩራፊ
ይሰበር ደጋሚ,ከእንግዲህ አልሰራም
ሰኔ ነግ በኔ,የማይደርስ ነገር የለም
አይኑ ይሳሳል,ንፉግ ነው
ገበታ ሰራ,አዘጋጀ
ቆዳው ሞኝ,ብልህ
እጁን ሰነዘረ,ሊሰጥ ፈለገ
ሰርቶ አፍራሽ,እግዚያብሄር
ምስጋና ይግባው,ይሁንለት ይቅረብለት
ቅኝ አገር,በሀይል የያዙት ሀገር
ተራ ንግግር,አርቆ አሳቢ
ርእስ አንቀፅ,መንደርደሪያ ትችት
ለዘር በቃ,ወለደ
ጦሩ በረደ,ቆመ
እጁን ቀሰረብኝ,ዛተብኝ
ቃል አባይ,ዋሾ
ስመ ጥር,ገናና
ስርቆሽ በር,የተደበቀ መግቢያና መውጫ በር
ልቡን ቆረቆረው,ጥርጣሬ አደረበት
ወኔው ቀዘቀዘ,ወኔው በረደ
መከራ አሳየ,አስቸገረ
ምድር ዋጠው,ጨርሶ ጠፋ
ሆድ ሰጠ,አሳቡን ነገረ
ሰላም ረግቷል,ጦርነት ወይም ብጥብጥ አቁሟል
እንባ በንባ ተራጨ,ሁሉም ተላቀሰ
ምስጢር አየ,ቤተልሄም ደጀ ብርሀን ገባ
ብድር መለሰ,ቂሙን ተወጣ
ትከሻውን አሳዩ,ተኩራራ
እጅ ማሟሻ,እጅን ማስለመጃ
ቤቴ ቤቴ አለ,ትዳሬን ትዳሬን አለ
ዘር ቆጠረ,የዘር ግንዱን ተናገረ
ልብ ለልብ,አሳብ ለአሳብ
የነገር ማቋራጫ,ያልተሟላ ነገር
የተተፋ,የተገለለ
ገበታ ረጋጭ,ባልጌ
ቆመልኝ,ሞገተልኝ
ማስመለስ,ማስታወክ
ባለቅኔ,ቅኔ አዋቂ
ቃናው ተለወጠ,ጣእሙ ሌላ ሆነ
ትም አደረገ,ንብረቱን ቶሎ ጨረሰ
ሀብተ ነፍስ,ፅድቅ
አስመለከተህና,አሳሰብህና
ደመናው ተሾመ,በአየር ላይ ተንሳራፋ
ስሙን በከለው,ስሙን አጠፋው
የተወለደበትን ቀን አስቆጠረው,መወለዱን አስጠላው
ብው አለ,ተናደደ
የሰጡትን ይይዛል,የዘሩትን ያበቅላል
ልቡ ሸፈተ,ነገሩን አልቀበል አለ
አሸናው,አስፈራራው
ልብሷን ቀደደች,በጣም አዘነች
ነወር አለ,እንግዳ ሲመጣ ተነስቶ አክብሮ ተቀበለ
ቁም ከብት,የቀንድ ከብት እንስሳት
እጀ ስንኩል,የማይሰራ
የጥርስ ስጋ,ጨቅጫቃ ነዝናዛ
ሞት በቃ,የሞት ፍርድ
ቀን በቀን,በብርሀን
ቅዳሴ ታጎለ,ሳይቀደስ ቀረ
እንደ እንዝርት ሾረ,ትእዛዝ በፍጥነት ፈፀመ
መንገድ ቀጠለ,ጉዞን ካቋረጠ በኋላ ሄደ
በደረቁ ላጨ,አታለለ
የበላን ያብላላዋል,ያለው የበለጠ ይፈልጋል
ርጥብ ነው,እድላም ነው
ምስጥር ቀበረ,ሸሸገ ወይም ቀበረ
እንባ አነቀው,ሲቃ ያዘው
በወርቅና በብር ነደደ,በጣም አጊጠ
ሁነኛ,ታማኝ
እቅጩን ተናገረ,ቁርጡን ተናገረ
ሰልፍን አሳምር,ከሰው ተስማማ
የሆነው ሁኖ,ያለፈው አልፎ
አይሁን,አይደረግ
ረሀብ ቆነደደው,ክፉኛ ራበው
ነከረበት,ወጋው
ምን ብዬ,ምን ተናግሬ
እህል ውሀው ተበጠሰ,ኑሮው አከተመ
ነፋሱ ተነሳ,በጣም ነፈሰ
ሀብቷ ቀና,ተመረጠች
ልክፍታ,የአእምሮ በሽታ
አራጋፊ,አጫራሽ
አውድማ በረበረ,የሚወቃ እህል አገላበጠ
ልቡ ተቃጠለ,ተናደደ ተበሳጨ
እቅዱ መክኖ ቀረ,በተግባር አልታየም
መንጥሮ አጠበ,አጥርቶ አጠበ
ሰንጣቃ,ለፍላፊ
ሳይሆን,ወይንም
ሰነፍ መረቅ,ቀላል መረቅ የስጋ ውሀ ያለበት
አይኑ በረረ,ፊቱ ጭው አለ
ትክለኛ,ርስት ያገኘ ሰው
የቀለም አባት,አስተማረ
መሸጦ,ባሪያ
ቃል ማሰሪያ,የጋብቻ ውል መፈፀሚያ
በቀላሉ ሸጠኝ,አታለለኝ
የደሀ እንባ,የደሀ በደል
ሞት ሞት ሸተተው,አደጋ ታየው
ቀን ለቀን,ሳይመሽ
አሻሻጭ,ሴተኛ አዳሪ
ልቡን ሰለበችው,በፍቅር ነደፈችው
ሁሉ አገርሽ,የሄደበት ሁሉ የሚስማማው
ውሸቱን ቀረደደው,አብዝቶ ዋሸ
ስምህን ቄስ ያንሳው,ሙት
ሞት የተፋው,በጣም ታሞ የዳነ
አመረረ,ጥል አነሳ ቆረጠ
ተብላላ,ተዋሀደ
ብታደራልኝ አማግሁልህ,መልሼ ሰደብኩህ
ቀን ወጣ,አጋጣሚ ፈልጎ
ተባራሪ ነጋዴ,ዘዋሪ ነጋዴ
ውርደት ተሸከመ,ውርደት ተቀበለ
ሆድ እቃ,ሰውነት
ስሙን መነዘረው,በሀሜት አጠፋው
ከብቱ ጥርሱን ሰብሯል,ሸርፏል
የሰማይ ቁጣ,የእግዜር ቁጣ
ልቤን ማረከችው,ወደድኳት
አፍፉን ለቀቀ,ለፈለፈ
ቅጠል በጣሽ,ጠንቋይ
በዛሁ ቀንሱልኝ አለ,የያዘውን አጣ
ልቡ ቆመ,አንድ ነገር ለመስራት ቸኮለ ጓጓ
እርጥብ ናት,ወላድ ናት
አለቃና ምንዝር,አለቃና ታዛዥ
ውሻ አይበላው ጥል,ቅጥ ያጣ ጥል
ሳይሳካ ቀረ,አልተያዘም
ቀነ ቀጠሮ,መሞቻ
ቃሉ ጎደለ,ያዘዘው ሳይፈፀም ቀረ
በል ልበልህ,ተናገር ልናገር
ላብ ላብ አለው,ፈራ
ልቡ ተሸበረ,ፍርሀት አደረበት
ስር ስሩን,ውስጥ ውስጡን
ቁጥብ,የተገታ የተወሰነ
አትቆስቁሰኝ,የተኛውን ልቤን አታስነሳብኝ
በዱላ አለፋው,ደግሞ ደጋግሞ ደበደበው
ልበ ደንዳና,ግትር
ርካሽ,ቀላል ዋጋ
ተበታትነው ቀሩ,ተለያይተው ቀሩ
ልቡ ቆሰለ,ተበሳጨ ተነዳደ
መቼ እንዲህ አልኩ,አልተናገሩም
ነቂስ በነቂስ,አንድም ሳይቀር
በኩራት ተነፋ,ተጀነነ
ተረባረበ,እጅ በጅ ተጣደፈ
አይነ ሌባ,በአይኑ የሚፈልግ
ሸክሜ ወረደልኝ,ሀሳቤ ተቃለለ
በር መታ,አንኳኳ
የማሪያም ምሳ,የመጀመሪያ የአራስ ገንፎ
በእንቅልፍ ልብ,በህልም
የምስጥ ቤት,ኩይሳ
የሆነ ሰው,አንድ ሰው
ረድኤታም እህል,በቶሎ የማያልቅ እህል
በቀስት ነድፎ ጣለው,ወግቶ ጣለው
አይሆንልኝም,አልችልም
ልብ ነሳ,ረበሸ
መስቀል መተኮሻ,የደመራ ቦታ
ብሩ አጠር ያለ,ብዙ ፍሬ የያዘ እህል
ድህነት ሰለጠነ,እየከፋ ሄደ
ከተማ በላው,እከተማ ውስጥ ጠፍቶ ቀረ
ልበ ፈሪ,ተርበድባጅ
በልዩ,በእውቅ
ፊደል ለየ,ፊደሎቹን ማወቅ ጀመረ
በቃ በለው,ማረው
ባዝራዋ ተመታች,ከወንድ ጋር ተገናኘች
ሽቢያ ጋለበ,ስር የሌለው ነገር ተናገረ
ልቡ በረረ,አልሸከፍ አለ
የቤት ስራ,ከገበያ ያልተገዛ
በቃ በቃ ተባባሉ,ታረቁ
አንጀቱ ተቆረጠ,ተስፋ አጣ
ምድር አስጋጠ,ድል ነሳ
ተምሳሊተ ብዙ,የሚያናድድ ነገር የሌለው
ደምወዝ ቆረጠ,ደምወዝ ወሰነ
በትኩሱ,ሳይቆይ
ልብ አሳጣ,ፋታ አሳጣ
ምላሱን አሾለ,ለነገር ተዘጋጀ
ተራ ወታደር,ማእረግ የሌለው ወታደር
ዛሩ ተሾመ,ዛር ተነሳ
ቤት ከቤቱ ገባ,የሚስት ወገን ለባል ወገን ተዳረ
ረጋ ስራሽ,ጥሩ ስራ
ባህር መዝገብ,ትልቅ መዝገብ
ቅኔ ቆጠረ,አዘጋጀ
ብረ ወጥ,ትምህርቱን እንደጨረሰ በስራ ላይ ያለ ደቀ መዝሙር
ሬሳ ሆነ,ዛለ
ባለደም,ለበቀል የሚፈላለጉ
የማርያም መቀነት,ቀስተ ደመና
ቢስ አይይህ,ክፉ ነገር አይግጠምህ
ብር ብር አደረገ,እረፍት ነሳ
ንቅስ ያለች,በጣም ቆንጆ
ረገፈ,ሞተ
በሀዘን ሰጠመ,ብርቱ ሀዘን ያዘው
በኩራት ተበጣጠሰ,በጣም ተጀነነ
ዋስ ሁነኝ,ዋስ ላድርግልህ
የስጋ ቁራጭ,ዘመድ
ቤት አፈረሰ,ትዳር አፈረሰ
ምን ቆርጦት,ምን ቢያግደው እንዴት ቢታበይ
አበጥሮ ፈለገ,ጥሩ አድርጎ እስኪገኝ ድረስ ፈለገ
ባላባት,ከትልቅ የተወለደ
ፈረሱን አስነሳ,ኮረኮረ
ሶስት ሰበር,እድሜው የገፋ ከብት
ስር ነቀል,ተስፈንጣሪ
ሞኝ ያገኘው ፈሊጥ,ያማረበት የሚመስለው አስከፊ ነገር
አመለ ቁርንጭ,መጥፎ ጠባይ ያለው ሰው
መሬት ሰነጋ,አከፋፈለ
ቀጥቃጣ,ንፉግ
ተራ ሰው,ሹመት የሌለው ሰው
ለጦርነት ታጠቀ,ተዘጋጀ
አነካኪ,አጣይ
አንጀቴ ቅቤ ጠጣ,የፈለገው ተሳካለት
ምድር ዞረበት,ውደቅ ውደቅ አለው
ይብላኝለት,ሁኔታው አሳዛኝ ነው
ብስል ተቀሊል,ጥሩና መጥፎ
ቆንዳ ቆንዴ አለ,አለሁ አለሁ አለ
አብላላው,እንዲዋሀደው አደረገ
ቀን ሆነ,በጣም ረፈደ
ቢስ ገላ,ቁምጥና
ፊት በላሁ,በብሩህ ገፅ ተቀበሉኝ
ትፋታም,ሰካራም
አይነ ምድር,ሰገራ
መጭ አለ,ተፈተለከ
ቀኔ ነው,የኔ ጊዜ ነው
ብትን ቃል,የቃላት ክምችት
ዘፈኑ ቀለጠ,ደመቀ
መከራ ተቀበለ,ተሰቃየ
በጥፊ ቀለጠ,ተመታ
ምናምን,የማይረባ
ሞገስ አገኘ,ተወደደ
ጥርሴን ነዘነዘኝ,ህመሙ አልተው አለኝ
አርፈ መስቀል,መቁረቢያ ማንኪያ
ባልሆነ,ባልተደረገ
ምድር ለቀቀ,ነጋ
ርጥባን,የእርዳታ ገንዘብ
አትነካካኝ,በሽታዬን አታምጣብኝ
አቀላወጠ,ትንሽ የሚበላ ሰጠ
ልበ ጥልቅ,ተመራማሪ አስተያየተ ሰፊ
ሙሉ አካል,ችግር የሌለበት
ርጥብ ሬሳ,ትኩስ ሬሳ
ለአህያ ማር አይጥማትም,ልማዷ ስላልሆነ አትፈልገውም
ምን ይበጀኝ,እንዴት አድርጌ ከዚህ ችግር ልውጣ
ቢያክ ቢያክ አለ,አጥላላ
ቀንድ አሽሽ,ፈሪ
በስራ ላይ,በመስራት ላይ
የልብ ሰንኮፍ,የልብ ቂም
በር ዘጊ,ንብረት ጠባቂ
የቂል በትር,አስተዋይነት የጎደለው አመታት
ልቡን መታው,በብዛት አስደነቀው
ምን ቆርረጠኝ,እንዴት ብዬ
ስሙን ተከለ,ዝነኛ ሆነ
ሀሞተቢስ,ፈሪ
ይሯሯጣል,ያስኩህ ያስኩህ ይላል
እድሜው ተበጠሰ,እድሜው አጠረ
ቁስሉ በላው,ቁስሉ አሳከከው
ወባ ነደፈችው,ያዘችው
ስራህ ብዙ,የሚደነቅ
ትቶህ ይሂድ,ለብሰህ ጨርሰው
በቁሙ,እንዳለ ሳይለወጥ
ሰው መብላት,ሰው ማማት
ምስለ ቢስ,መልከ ጥፉ መልኩ የማያምር
ቤት ማያ,አዲስ የተጋቡ የሚደግሱት ድግስ
ሰውነቱን በላው,አሳከከው
ልበ ደረቅ,የማያዝን
የሴት ልጅ,ያልተቀጣ
ስራት ለበሰ,ዋስ ጠራ
አንጀቱ ራሰ,የፈገው ሆነለት
ባዶ አፍ,ጦሙን
ልበ ጎረምሳ,ወኔያም
የወዲያ ስራ,ከውጭ የመጣ
አንገት ቀጨ,አንገት ወለም አለው
አልተቻለውም,አልተመቸውም አልደላውም
ልበ ሰፊ,ቻይ ታጋሽ
ሆድ ሲያውቅ ዶሮ ማታ,ራስን መደለል
የውሎ አበል,ለስራ ለወጣ መንገደኛ የሚከፈል ገንዘብ
ሆኖም,ከዚህም በላይ
ታች አብሽ ወረደ,የዝቃጭ ዝቃጭ ሆነ
አፉን ተመተመ,ዝም አለ
ቅኔ አትናገር,የተሰወረ ነገር አትናገሪ
ቀን ሲያዘነብል,ቀን ሲከዳ
ልቡ ረጋ,ከሀሳብ ዳነ
ሞቴን ሞት ወሰደው,የኔን ሞት የጠላቴ ሞት አስቀረው
ምክሩ አጥንት ይሰብራል,ጠልቆ ይገባል
ወይን ረገጠ,ወይን ጨመቀ
ሆዱን ሰጠ,ምስጢር ገለጠ
ከቋት ከቋቱ,ወዲያው ወዲያው
ይሁን,እሺ
ተቃለለ,እያነሰ ሄደ
ግፍ ሰራ,በደለ
መንታ ልብ,ልበ ወላዋይ
ይሁንልህ,የፈለከው ይድረስልህ
ከአንገት በላይ,ከልብ ያልሆነ
ልቡን ሰረቀው,አጥወለወለው
ቆብ ጫነ,መነኮሰ
በሽታው ለቀቀው,ንዴቱ በረደለት
ቋንቋው አልገባውም,ምስጢሩ አልገባውም
ተረከከው,ፈለጠው
ባዶ እንጀራ,መበያ የሌለው
መድሀኒቱ ረከሰ,አልሰራ አለ
የቀረው ቢቀር,ሲሆን ሲሆን
ባለ ወግ,የቤተ መንግስት ተሿሚ
መንገድ መታው,ረጅም ጉዞ ተጉዞ ጉዳዩ ሳይሳካለት ቀረ
ሀብትሽ በሀብቴ,አብረን የምናገኘው
በር መታ,አንኳኳ
አንቅሮ ተፋው,ከልቡ አወጣው
ቁሞች,እንስሶች
ልብ አፈረሰ,ነዘነዘ
የሰው አይን በላው,ቡዳ በላው
ተባላ,ተማማ
ሆድ ለሆድ,ሀሳብ ለሀሳብ
ስራ ቤት,የመእድ ቤት ሰራተኛ
ነውር ጌጡ,ይሉኝ አይል ልክስክስ
ሰልፍ ዉጣ,ለሰልፍ ሄደ
ልቡን ሸነጠው,ተደፋፈረ ተነሳሳ
ነገረ ሰሪ,አናካሽ
ትዳሩን አሸነፈ,ራሱን ቻለ
ቤት መምቻ,የቅኔ ስንኝ
ዱላ ቀመሰ,ተመታ
ምድር ፊት,የማያምር
ጥፊ ላሰ,በጥፊ ተመታ
በራሪ ወረቀት,ለደረሰኝ ተቀባይ የሚሰጥ ወረቀት
የነገር ቤት,ጭቅጭቅ የበዛበትምህርት ቤት
ቤቴን እሳት ላፈው,አቃጣለው
አይቡ መጠጠ,ኮምጠጥ አለ መጣጣ አይብ 
ሀረግ መዘዘ,ዘሩን ቆጠረ
የሰው ቤት,የራስ ያልሆነ ቤት
ሰዶ ማሳደድ,የያዙትን ለቆ ፍለጋ መሄድ
ውርርድ ተከለ,መወራረጃውን ጠራ
ፀጉር ሸሸ,ተመለጠ
ሁኔታው አይፈቅድም,ለመስራት ያዳግታል
አሰባሰበ,አንድ ቦታ እንዲገኙ አደረገ
ልክፍታም,ነገረኛ ሰው
ማዶና ማዶ,የማይገናኝ ያልተያያዘ 
ትከሻ ለትከሻ,ጎን ለጎን
እጅ ነሳ,ሰላምታ ሰጠ
ጠፍር ነካሽ,ስግብግብ ነጋዴ
ልቡ አላረፈም,ልቡ ተሰቀለ
ልብ ቀረው,ቅር አለው
ለዛ ቢስ,ደረቅ ሰው የማይሰማ
ልቡ ሳሳ,ከበሽታ የተነሳ ከሳ መነመነ
ያ የቁራ መልክተኛ በዛው ቀረ,ተልኮ መልስ የማያመጣ
አያስችለውም,አይታገስም
ቦታ ማብቃቃት,ማቻቻል
ባላን ደንቆሮ,ባላ ያለውና የሌለው የድር ማድረጊያ
ልባም,አስተዋይ
